0,1,2,3,4,5,6
2.3597775931571063,-2.7259426575176153,-4.386830374637945,-1.2275600295536635,-3.463612665093463,1.6380108074283664,-3.9229090254595347
4.214771232459704,-4.4282175980562375,-3.3299660417125816,0.587697217517559,-5.830881307198251,2.615136901221163,6.444034601970668
2.351514544795611,-3.7728272783335006,-4.242232687547115,-1.6375915438809103,-4.347101463217996,3.27582228489566,-0.9662424230858723
1.8242657206771455,-2.6133092469653314,-4.888330820942019,-1.2798208516300267,-3.404703145103752,1.0543646084453189,-4.39291742495324
1.4577361256732524,-1.475944341891169,-5.1656931177221,-0.5903198142180891,-3.314794095957896,-0.8938571691661428,-5.369937028700834
1.2498032526336211,-2.155637365409347,-4.240515863427101,-1.876120637852465,-2.6378740465909765,1.2784354824208428,-4.276720029875147
2.196375604505121,-3.8262606599678617,-3.0397836964028593,-1.5304047938749465,-4.4330211777100335,4.116456170830248,2.482259346667565
1.4442893511076897,-2.7425094211891876,-3.7083160367079233,-2.5600520616281432,-3.726795633049318,3.1078171931693452,-1.5079223112153055
1.7599315973739629,-3.054264722623492,-3.1917752320002073,-2.5304399793349037,-3.6428616969818393,3.668037403347327,-1.9925911794609272
3.3023103417640174,-3.692930149560821,-2.760638994045855,0.059427594024350494,-5.662774996536316,2.412704836591785,6.792956663185379
1.6334790712780007,-0.8686092199253377,-5.838948894569799,2.0551314193894217,-2.9273384170678036,-3.3887688562084266,-4.335341482464992
1.6157362839742386,-1.5394955886046375,-3.193362097655009,-2.3574568526465254,-2.7049848068592524,1.6705305837856794,-4.342176678224639
1.8920028859965692,-0.8217244853480316,-6.012102060683418,3.2423595799580296,-2.906249378120431,-3.7430155714997335,-3.3694221240115563
2.265240284911791,-0.6567124858781989,-6.34078742146806,3.7211659569600366,-3.0478357543987507,-3.90392287435426,-3.115196406110002
1.2903755571643436,-0.5781520237453127,-3.895612719864356,-2.376019505882669,-2.19561594336118,1.1136652243655865,-4.965580806444412
1.5363500658333524,-0.8917956573227095,-3.426710483037123,-2.62594910831344,-2.4402787458626087,2.1484445336215456,-4.632638793866258
2.201763861399371,-2.481775557057456,-2.5783341740553727,-2.1824060948234227,-4.156775557137801,4.615391445550248,2.8832582792788113
1.8668023554775257,-0.7179319363722629,-3.1725308479037433,-2.5873997186774,-2.344064823898565,4.945231904919427,-2.071924445906559
4.0982817964023734,-1.3088717637557252,-2.3551183848110027,-0.12655419381122623,-4.05813213972937,2.7014687735165257,8.387572881558278
1.7677920657773993,-0.4477030356521777,-3.2423189712027685,-2.7630695584844744,-1.9353422549924995,4.746005964562989,-1.8602151192969723
2.0920221566946124,0.5683630695457773,-5.893852354534943,3.765539702981986,-1.2098912724899846,-2.972760492708945,-3.775963921088598
1.054868181534844,0.6656562856206982,-4.531044167736858,-1.956817728700454,-0.8505098339426773,2.552086504659799,-5.376636546645723
2.1861339443434225,-0.6626707624546284,-2.9934429492515378,-2.1054186740736416,-2.3285317393970786,5.857858138657427,2.142569054981599
1.486426469880306,0.4384471522571332,-3.1884948706967857,-2.478543783418941,-1.5719271367638288,5.043295435234059,-2.1833400277622452
1.2147435869946321,0.8098729300107765,-3.723554704373546,-1.8959649111936154,-0.4961460937104678,3.7374420317401906,-3.669155629326611
0.6339687314096203,1.4341679139999952,-3.8674527042089406,-1.2162644674732652,0.6386092952472244,2.3507506220982926,-5.071816645833936
1.4788624204356302,0.3152579929508407,-2.5499380305160066,-2.0616266792291227,-1.3020297589773735,5.601249839853312,1.5594052071869031
0.8500190899840208,1.2180184827188791,-3.587871648010695,-1.726264196593493,-0.1510890230116921,3.525092629764816,-4.567067850748167
0.5650806216416304,2.125492031984336,-2.5219650102621127,-1.6950090588313027,0.42050621989227444,4.100306683171334,-2.6506034139907375
4.43080140351625,-0.01923241491973058,-0.4493752080742841,0.021096719308096645,-1.193429616660115,-0.5578490897595071,9.302047950847463
0.6619488535708421,1.6805784016753238,-2.369936769355556,-2.1017753710007634,0.0033022191529700207,5.018485930127798,0.001916200637286175
-0.043876380136588455,2.6615756623626927,-2.941519326298537,-0.3891420135657445,0.9006138325013497,2.6726118272238715,-4.791952173185683
-0.40926954906344515,2.6053812905809184,-2.9658461457452714,-0.580768312633831,0.5457470183154975,2.817287200920388,-4.230804856250671
-0.11162441387402189,3.0542917078663043,0.3741280077317184,-2.505419103768468,-0.8279862086526022,4.162753292312908,5.483360299420321
2.4660307745594614,1.5316122114721593,4.43746557729603,-1.7403056565310249,-0.43670708675179093,-3.684769538344413,9.723994102972016
-2.387170889641789,5.788964189289221,-0.3777003012609246,-1.0709035551491395,1.6852702132556303,3.5576380991885914,-0.6981930641296594
-2.1843182381912074,4.956059062124677,0.7929633510436788,-3.1641961821423803,1.358751298034388,3.553068569992122,3.887521700323161
-2.6211013108544208,5.356565976661668,-0.6070590666720665,-0.43761540074608407,2.3988759809468183,2.9720778993011483,-0.8849385001655998
-0.6334752668124523,3.582569852135758,2.831539059919832,-2.597833474347734,1.693662601063505,1.2016991403550725,7.255047066907145
-2.3279077341168506,5.2710565669342335,0.5197970201843051,-1.4606491472939327,2.4070630719022086,3.379141933678558,0.7443625538350129
-0.5154875567549967,3.209083463534787,3.4143516960680165,-2.550113196341871,1.8530195732097183,0.6071340377047307,7.741437012257748
-2.100422090490023,5.391006492111857,1.1968813986949103,-0.654390396554789,2.8416500296205145,2.4713483564226677,-0.7210473032004061
-1.9026356142844252,6.945057169463681,3.276696604271395,0.3024750708415027,2.5327525299304448,1.2930391643035524,-0.3757653281743445
-1.793304757599502,6.244057191685087,5.886319032592097,-2.085991182199871,2.591026325327835,0.9546865732462357,3.809633190347188
-1.741203185670812,5.90241088156875,6.031340289117136,-2.24104262715909,2.183535159833679,0.8050605296314743,4.41075188053634
-2.143665139403865,6.964418104768546,4.464092042062939,-0.7739569141371071,2.0244060292451507,1.9483980684078488,0.8191627712093288
-1.4207286592335515,5.579534095724963,7.351494120289616,-2.5561385250983473,1.3286528459387605,-0.8085967969499559,5.696593182679461
0.3878520606870387,1.0188148544549755,12.420671416340841,-1.4028812975812854,-0.07463972357521753,-6.199781392080105,7.238691548119732
-0.2878418298099519,6.2444626132719225,6.714686813564393,-1.841427386218617,-1.6271285654731196,-0.7063657987743266,0.5711553215615086
0.6244334219487528,5.943034771385688,6.919788518632216,-2.9246524678302768,-3.3045310190963537,-2.1572409075729198,1.0568915280125122
0.25583672827476284,2.459386853550484,11.386796611223723,-4.966548035162997,-3.636047644484241,-1.0515018216872187,2.862469144337279
1.0494843263550626,1.714009354034303,11.675134266342774,-4.709662673462427,-3.7586362199900547,-0.5560296531350004,2.9556803821739472
1.5741603445367143,-0.5540784760711974,13.831378714777358,-0.8019937239153397,-5.046144978984022,-2.2206807578021066,7.767499355660978
0.883285276728761,2.467615936178314,11.11585870891967,-5.1501674577275125,-3.6435646959196215,-1.2897691048047695,1.7923165350968695
3.4812474348389193,6.266238005742345,5.181002148492207,-1.0133952126698,-3.7548372680987088,-3.878124877590267,1.119963650863077
1.7859893772943174,2.0018024523873823,10.993407612569367,-4.991447654170502,-3.0920274601196027,-0.6582239677471815,0.07400883523817336
-1.6689036465644635,-1.6963463231245293,9.470352781385978,-1.213723844944322,2.0573564528273502,-0.6527681860264103,8.601805497462923
-1.7133316498004971,0.5061344881938139,8.053423631212187,-4.206160075324613,3.6937930827232544,0.9427294505953856,2.899884934172797
-1.2249606423099766,0.42546882479922654,7.3622680822700515,-3.9595744439169698,3.4781704920698466,1.6074545819555448,1.878411591556314
-0.15280887555212083,-2.0179401015133522,7.960129300396267,-0.16606221660584905,1.9997553389016245,-1.1166022105429287,8.716455512863146
3.770831929817878,3.7098887316647273,0.23843754653239035,1.5435684195297796,3.1156251064622382,-5.302818437444454,2.5736967119741503
0.021829228743847295,0.5913478865602924,4.770886193002812,-2.4137630375559755,3.781107078042715,1.475809205495778,-0.5388392708912899
0.8264052396024065,2.3564437976229544,2.9080143398431626,-2.2265489542049575,4.6861614320196905,-1.5600565931423467,-2.678932513120087
1.1315234977500872,1.889960550465139,2.227813052914041,-1.5367050245745046,4.416653407792373,-2.916834400205982,-2.595049869564893
0.8855406931337207,0.9651796992387273,2.1966624558078047,-1.365434296857678,4.509342312025796,-2.221226990926359,-3.0114393912842448
0.0549754870927841,-0.954399957804416,4.28096590694576,-1.0930629554297582,3.5151516522309274,2.1525111662252763,1.1050567408626981
0.3032448902257676,-1.3909601772903422,4.35447246550892,0.28623899587170953,3.1816317054623813,2.2123093830814957,2.1022898995625754
0.5079370244080758,-0.3394431344303427,3.3789179137329963,-0.8193795277222362,5.041647117917684,-0.5795100853165259,-3.3418422814794226
0.15832816545712214,-1.733782079917252,4.2899968626739415,0.9139753045249877,3.9787628939999156,2.1381011971207653,1.2101363671747736
-0.2549174270322966,-2.335261370942129,3.698951679103758,-0.09988008779244573,5.172320371175678,0.29523119330892633,-3.1392371994161516
1.5261922009755828,-1.0185859869984204,3.592352442758939,-0.6733246872210645,5.808521158840146,-3.989890242885386,-3.661487084353632
1.2133492329922575,-1.7219363550268731,2.3322498095855018,-0.03950177085442608,6.125615158594989,-3.894298858046008,-3.7442014164377744
-0.21474439482420993,-2.6270444915617017,2.7262815403085465,0.5191306476238648,5.56212316628061,0.7990587786430403,-3.0338212240645217
-0.07246969516511681,-3.139449279253834,1.2457970556871185,0.990770813738472,5.08340940385676,1.8090632091230796,-2.6079914135306277
-0.2648778056943014,-4.735546548253162,-0.288369890769296,1.6335429898636873,5.123947783622223,-1.0693825988181485,-4.186010125109157
-0.26638853320346717,-4.696234585202192,-0.5058250711308101,1.8123932227327617,4.7855302349302296,-0.7047421261682775,-4.1534746170463155
2.4260693108156257,-4.66315283421543,-0.7330283887455077,2.327098515617153,4.498285137686552,-5.562601308439752,0.18687054124837577
-0.32636650367646064,-4.975205761291436,-0.6831719289227135,2.0805437297929914,4.65914034278572,-1.7454010012242451,-3.9535940754447694
-0.5351194930918467,-5.012958730940853,-0.6708946244619578,2.0454916669300873,4.358030695538223,-0.7982803310190223,-3.945253645981463
-0.6724251783587021,-4.366887047292396,-0.33821293413548204,0.9874521242711405,3.6700139883570295,0.3052199847446749,-3.6918832707127267
-0.41623682125238587,-4.3276516578843784,-1.0276415837396198,1.951097177672446,2.4615127660242933,1.9386986466804,-0.5108029707089596
-0.33615004970364365,-4.1002990769154675,-0.14191860155312108,0.8438174272819012,3.183421758324494,0.6142070500487181,-3.619874805476659
-0.45536978860536975,-3.6975995325477258,0.08585041540999513,0.3547886917247164,2.0461554898601895,0.5112034025767587,-2.9142681608812553
0.18779386122794783,-3.945962595530312,-0.8110859188705083,2.4182283698346163,0.2805445875513526,1.035138869152003,1.8761136159911258
-0.025265295493259926,-4.157041257036389,-1.2107361980416316,2.2368402128614364,0.11318538929928113,1.0828185458252497,1.2453663641704904
2.0492086630242983,-3.4575396197299515,-1.5778523300704386,2.1526768962012897,1.3537510163424749,-4.2752978261597265,0.534628556678804
0.016872219330948277,-3.8686053030176075,-0.945385385176935,0.9441645013375661,1.5674602979568912,-2.3290169429313528,-3.2507267056652935
-0.1285468915543298,-3.912218994605491,-1.053019220938667,1.1214282196364538,1.3431758488040133,-0.9612126702855012,-3.872478767373874
0.5256323776865041,-2.0279778078148323,-0.8461407140492918,1.4183706832578316,1.1154108335999464,-2.004451947987273,-3.409295419662857
-0.019899805266725995,-1.9021163096126403,-1.0550641806521204,0.9519422144987835,1.1524840573126105,-0.6616816246732087,-3.78173500573139
-0.2778347883643768,-1.6330256555305271,-1.057694796737801,0.03133950242292943,0.14405783094210223,2.3912838980455478,-1.4452832222267595
-0.07182009423109634,-1.72784557455858,-1.1626818741761502,0.9395833735151837,1.301085351042348,-0.6945645889825229,-4.195408641512208
-0.15829561787120303,-0.8308585024086108,-2.0321368803094204,0.2865646003756146,0.2205691513194883,2.967558993059473,-1.3278119599064218
-0.008990320887390157,-0.39982140338716354,-2.4419116611773473,0.17676727630845718,0.43887520460399976,3.329014521413723,-0.8184444239478439
0.1468257564329823,-1.2860534989188785,-3.116311367608246,3.1373778051681738,1.803247420652628,-1.7494841017940455,-3.252348757702684
-1.228340071082991,-0.8550420855946503,-5.1168066109378465,3.6027414479785245,1.2015112601322726,-0.8765765275278934,-2.78188021564909
-0.8710170523483146,-0.10952549705733312,-4.5963300131667815,-1.4915800553670893,0.7440453217534024,4.18821731179818,1.268463532594727
-1.4276929955507252,0.11723356824675579,-4.901843196888129,-0.7722185839341544,1.6049904209591783,3.4881065350485185,-1.8361309102640797
-1.2684596322475317,-0.9180560814826189,-5.797374737268867,2.812056787775238,2.020540704994947,-0.3953083742265133,-2.6714272214421713
-1.304896207675544,-0.4571750339676112,-5.634538247970961,0.23447701887576056,2.2379162596901723,2.3132590310224077,-2.927875208654986
-0.896434726794248,-1.8376411600210663,-6.146667188953944,2.9799966897534795,2.7724400232308954,-0.8303668765112118,-1.8130088725461395
-1.2536219397721695,-0.0255091804846716,-5.7538008482518,-1.2586228905235557,3.4596653166010585,2.6848409219765808,-1.3133850689633362
-1.4119269594736443,-0.37927156648013793,-7.031653205529176,1.9476573410929134,3.376167600078939,0.3431449956875843,-1.39490161698923
-1.0513063850582924,-0.5566449645917141,-4.303710120663197,-2.951217844900546,2.8961998179820108,3.9046194066201996,3.5671006577286684
-1.564417940262711,0.20914523564941284,-5.490539830140463,-2.583509108649854,3.6262872241637174,3.3824117392990476,-0.17535919854915344
-1.0449148263300927,-1.5098273480346576,-2.060491214494267,-2.5573135606555493,3.499879442724131,2.8481843204670287,6.936469186143261
-1.787451145833822,1.4416424668081576,-6.4358188814669575,2.948125057048202,4.380107422528138,0.21063922149792091,0.40558059626051723
-2.8537430286173544,1.915570844280505,-4.830844187729309,-2.6611112731622724,4.964915082640077,1.2627680103066954,-0.4651180441519566
0.06553619103762687,2.5576379221203553,-1.7818389564477524,-2.844712015162035,-1.0235908066771888,-1.0803268408103293,-3.3488151701231907
-0.04946522041262777,1.5614681319117358,-0.10551330954091531,-4.303995962537531,-1.202279496740753,0.23787685703860312,-1.8573292221655346
0.33808841664290135,-2.8198203626143727,2.968249352944791,-2.636981780863859,-2.469655289696473,1.6957317716843228,4.992954104780624
-0.26365108042136587,1.1551752818302585,0.044685958584602725,-4.311992680366548,-1.0051961448275593,-0.22354635728997096,-2.2592205741659686
1.9568269439137245,1.6879886529572794,-3.3086954457574627,3.3750048650384876,-2.5508484670812184,-2.4024070254096834,1.0845570481459865
0.11282773564770857,2.8120460654717307,-1.4555914363310727,-2.469640709123292,-1.0373246358481596,-2.4667117977508033,-2.9712422552826876
-0.433070153977257,-0.9420834669587073,2.749943808072197,-5.3027153724168885,-1.6307736223526865,1.5567305390568167,-0.24894450910655452
-0.2918854110746443,-2.0396237950156557,3.4055773635601705,-4.576667267588676,-2.3036598375074577,2.529154998861929,2.0914532257463447
-0.3171920123029193,-2.104278959242672,3.333658212921445,-4.750308187374775,-2.116128007567525,2.6311347262592557,2.1038031425914983
1.3217723936334913,2.3991777412700017,-3.2764127768385696,-0.307315630561835,-1.4660895828186409,-2.8503652016031062,-0.3717574472842904
-0.16440039622997302,-0.15785641196570038,0.4396523962574288,-4.87147239527324,-0.780255482330957,1.306901495981332,-2.203010578588304
-0.09408726405968168,-1.5646584821797596,1.956126818594187,-4.686025380592049,-1.751015521381814,3.398635461101203,0.9617238330564135
-0.1745350027759656,0.2677452540797253,0.3674306819682529,-4.785061147570556,-1.0863987254757221,0.8669817115668261,-2.389442727021749
-0.10157233505568991,-1.7701612463793541,2.101146413360786,-4.3943280473571305,-2.3132190051645294,3.4034922104274763,1.4829388542096167
0.0400146120806195,-0.30364953758221097,0.7666466465677367,-5.101300566125649,-1.2482056866922517,1.3341263872116833,-2.083668163183626
0.002877961012564656,-2.3272307476734366,2.6183104784657805,-3.759336128089559,-3.066279059343609,3.534132166238815,4.0351317275864815
2.250601637489965,2.8501165758509712,-2.7961753280770836,1.0089725755725578,-1.49091485984738,-3.3887227901160473,0.49800921669189724
0.2031392436044981,1.4659147293770616,1.1425228141764887,-4.510560741712247,-0.3943282823150933,0.6976264132372958,-2.5631201326304422
1.7854740080638511,3.3310080864763303,-1.7223600414254567,-0.6840785597502719,-0.7784229299747868,-3.074676184823337,-1.0656314882471833
0.14438185056226277,1.6093105333631854,1.2829318164155707,-4.6158755725752965,-0.47214219640583194,0.8591247239260789,-2.22800110306352
0.41539220511778474,2.061505903799115,2.8590409245295394,-3.4709901876298566,0.390933322472174,2.5796928533041927,-1.6586247442282893
1.0499647013174989,0.11814268241170811,4.839250461029896,-1.8147813222770601,-0.8746993695217089,1.9669966879307876,5.910959799848397
0.43034761661979115,2.2352266432349586,2.910092852552627,-2.7592217873363922,0.600995717078471,2.7025108178265977,-0.8385501316818647
0.5197152626234877,3.326342990660615,1.521129485262052,-2.1503159385228963,1.0213427745528012,0.9058481396293139,-3.301151712402803
2.739093569640474,3.814047299322689,-0.17577489309986027,1.2188641382988414,1.088406886466435,-2.645772687581788,-1.7456549468342675
1.080557019339144,3.721457456539423,0.6916895364494041,-1.550714547342062,0.8075515784773285,0.07133759818728702,-3.9875732213732467
2.2945854253114346,3.643676310072569,0.18263000976777682,0.10743652078974003,-0.04883302586624244,-1.1929606590254649,-3.513004250278727
1.92370927400472,3.959262262450077,0.16717990989200152,-0.47715004666728744,0.21112142273712842,1.07361578810478,-3.9628272010074395
1.616041001399767,3.5356779252999204,1.7006622456551115,-2.7501126077056384,-0.874373955513671,3.7781253104069688,0.2111961319242246
2.130261297189153,3.9324541268049087,0.3242417909157742,-0.14032845566705596,0.2968584462406281,1.1842914078094213,-4.37570197738006
2.1794079010332554,4.041413075577704,0.42812443593908855,-0.9257379403264343,0.5150712403687849,2.0447856229286145,-4.369439033482753
-2.0743917240784397,2.842565750505209,-1.1698315604851275,-2.294461945281129,5.935519496163586,4.773570037331221,3.6721029298135694
-1.9656716039392084,2.4188659790773297,-0.9943450079339167,-2.26947899258772,5.923904089738253,4.5553731405138445,4.534363381880032
-1.5050992715016098,3.647168943477265,-2.9243601510207924,-0.04738049667710459,7.264912670450737,1.583985260915179,-2.3077267073655463
2.129947777418722,4.234698006565251,0.9946445774179772,-2.0465935996254196,0.7863611638467719,4.244302389803012,-2.0938526601593876
2.12340820511799,4.603813211902772,0.6600226797884559,-1.5340905384611072,1.4756686193603368,4.095929270385009,-2.9465558387200796
2.1629634319420554,3.735917477066072,1.3889699440406529,-2.20900971343141,1.0045800454674014,4.603105852557881,0.8054556060966247
2.5418336850753427,3.031766204044078,1.9550140712059698,-1.955805802844132,0.19424859163419383,4.106139602164356,3.437615149411936
1.6118695624490078,3.948920372335878,0.4782705442507434,-1.8159344842540017,1.1391208805587383,4.247581558578018,-2.28849612490839
2.2741780794787005,3.5572655586413826,1.8550092039996595,-2.2656484781424218,0.257221184602912,4.556411880006895,1.9476569710155163
1.6326060413831527,4.185914497980411,1.3586895436150588,-1.6818174001607762,0.9557215751667568,3.764802698402181,-2.959079450766597
3.245027045653667,3.824799586063789,0.1654674778361228,1.6987857093023173,1.3788926314653258,-1.4678128999894022,-3.7766393733464994
-0.5257268897446288,3.284753309309262,-2.683136950185412,2.3005072478841164,7.578588461609959,-1.7138463072730747,-1.0718488661905032
1.4913887397120502,3.9084125846103555,2.0062368449796057,-1.7559112367486809,0.3654364840151245,2.8653693405260947,-3.5329303176087574
-2.6590488546331765,2.873001019813118,-0.5556637222971434,-1.396386996681228,7.084118647275885,4.222194972081051,-0.40808246741113163
-1.7721256959716574,2.0017015197836847,0.21508712825388204,-0.8002019537547983,5.618113831117471,3.95816410099252,6.635789722502659
-2.5698482536371507,2.646974275695251,-0.5171682948398795,-1.5988791283626158,6.477174573230094,4.747879646484869,0.36939184637248057
-0.8581338103492882,1.7031868233138423,0.9411282612251537,-0.4303673672123056,4.891108204891595,0.9767942965976577,8.52988284008604
-2.499902422267019,2.6649206066717723,-0.8791033547533826,-1.411005538942237,6.461799881003582,3.517679610573059,-1.7875849419757432
-0.06338815087167315,2.7192872931489394,-2.3152260098641397,2.556229544055386,6.099322620842058,-3.0673701694275755,-1.4225139284269126
-2.1714848468652423,2.248223944332554,-0.9436209705951767,-1.0938713203748105,5.452080707208283,4.046951702490135,-1.7624306110782186
-1.842800496727748,1.9885831029040781,-0.7377908663235777,-0.4917189830417654,4.000984852932685,5.002175649563416,0.8629372451482877
-1.6959470919028672,1.776553751495018,-0.8146141039857149,-0.3243256333471907,3.226964959768849,4.820095278081991,3.2271705902148073
-2.1177311193732025,1.7274649390333516,-1.491893769613848,-0.7912599173699743,3.6686952124995558,4.417891077756292,-1.7421252801086602
-2.361231766770247,0.7785640911159294,-0.6169612741214068,-0.6496597950542032,2.54873632446319,2.971565972951312,-2.5370659951794234
-1.1520532801563559,1.065701424478577,-1.3879027447778964,0.6150171070425585,2.8995134022861793,-1.7286699462779593,-3.1081128579898443
-2.4454092214033034,0.9124155890701554,-0.16321351789034422,-0.9253565254729883,1.9650910641059731,3.174665448053488,-1.2370259893958326
-1.6359825454830337,1.3504166522212029,-0.8434164176978017,-0.12725183288489628,2.768986858056145,-0.5451260296680773,-3.358529842212169
-2.129234481599808,0.6349877644996973,0.37149941759560334,-0.4866111745332318,1.3489961042470748,2.683078886231902,4.440642260263412
-2.4097683071372074,0.917088877232761,-0.05591896162320359,-0.8672057087700449,1.9704172636079733,3.5223262591779854,0.509473965768494
-0.7993569326737378,1.843747823903739,-1.5212241331634397,1.1762172704043377,3.7689282059233653,-1.6628311568687826,-2.0292594249810816
-2.837538422783918,1.72164717524028,-0.7889984157502813,-1.1793940311844353,3.6648989810333323,2.5874741115866255,-1.6364269409089625
-1.6117359151977317,1.783516967960511,-1.641672636665246,0.4556516152487075,3.8931678616966723,-0.860155643639309,-2.1836942671174575
-2.0363615506982997,2.1396525007441647,-1.669842614192529,0.21070642039213916,4.37250873516945,-0.5320567785710089,-2.0157006453065014
0.8874742460934181,2.4127377569336836,3.7353945870507044,-2.3001427984810636,-0.9807467465110034,2.861884491635916,1.220325095685401
0.4803842326731652,2.679993396212552,4.289073621105348,-2.7907526402663203,-0.49159316421644145,2.007938982337517,3.3485410175164905
1.264954634252323,1.934928654687267,6.3666684252863215,-2.749460559203886,-0.4922063905056894,-0.7434559090350907,6.1632824995910935
-0.0691152464139766,3.5368432757524513,3.4420066388485036,-2.760410973175899,0.1547438017279907,2.6207300599497105,0.9279074159396419
-0.43843306451806796,4.745885291295209,3.5794375153310773,-2.007446462119082,0.13571598806647078,0.35876195142138667,-1.2871496046614381
-0.6765000733646267,4.511536507754593,3.488273719135572,-2.110680567698391,0.06087130407477248,0.31295744838315676,-0.9617869959394081
-1.1624714173743422,2.0660497417311148,6.368681934514438,-3.48425324152297,-0.8666792980015374,0.6033284132767338,3.9259700593847455
-0.9435285773245623,4.329506083849494,4.252059975960944,-3.030677362391832,-0.13525913384937227,0.6363797023399094,-0.24432801229861756
-1.1992880544419775,1.4800327818029007,7.4372656135997515,-3.759225514544425,-0.9875914977268951,0.10230072146579028,5.014753319156097
-1.087832575186959,1.2672784193216582,7.975366898662656,-3.6138343368967774,-1.0012467313270828,-0.11306616734010255,5.578727048307473
-0.774204027101081,4.124124298720414,4.374028106883613,-2.341563772642284,0.422790924761501,-0.15001171565808613,-0.9362742960289376
-1.423229766691736,2.8057755383726843,5.9725718093773255,-3.256805062183358,0.5038801039267946,0.8705028876899332,0.14896674991812286
0.08748750967049751,0.8976276911152781,4.400979491674296,-0.9989466311536088,-0.4029691386906253,-1.4391650610774802,-3.0666708863766754
-0.1363002002946265,-0.7651517916928605,5.020075323636913,-0.8108339665880848,-2.42252174428175,1.152297685107996,1.516413912672218
-3.6260286600795877,-2.0296496709939644,2.0268049296096895,0.3975411917502004,3.314424390404005,-0.9956633975122122,8.024422424880626
0.3077482008928194,0.07042974717571716,3.6465351390210365,-0.7030427146188682,-1.2198066670851064,-2.041720588749179,-3.1727759243405833
-0.2494941853880023,-0.6255051881290813,3.989164576387948,-1.2819596625303031,-2.1289990551087836,0.36220381265495105,-2.568176923132094
-0.06411853144803964,-1.1053579953839696,3.6133854028369523,-0.9236227815182434,-2.867348940006803,0.8354806952497544,-1.948349586330827
-2.521763768565951,-1.3424004196991812,-0.2593491224330865,0.5867761822620072,4.7368772171271125,-3.2331338628222546,0.43338628244336125
-3.0543142452382104,-1.3886712129570946,-0.17770272877602147,0.1717015558821751,4.861872558066666,-2.379393081289546,-0.7477507424150326
-3.1414241254799493,-1.8129420859263368,-0.7399131896232655,-0.25909609274140183,3.863184764477019,-0.4613699121490512,-2.135734446098375
-1.7094344000180794,-1.5623798602421797,-0.9350955427622216,1.0576629732952125,1.018915063101551,-0.8171904582590285,7.069258877945617
-3.3457110212732433,-2.1361077613154174,-1.117506605833646,0.06779280927260023,1.6956884229941402,3.0671120309985316,2.421327072947546
-2.316504110453858,-2.019157128737095,-1.0863681023186234,0.37784604836712726,3.489251065053791,-2.5035964988812855,-1.9820938680936142
-3.3298557853841233,-2.6513796548983444,-1.3185210452072673,-0.2677346864634975,2.177194748189841,2.2692449488679873,-1.3043788329048547
-3.131498748020971,-2.6695074145151096,-1.5212556631976968,-0.359959455429941,1.6074659456370477,1.919239624775762,-2.145042515590588
-2.36243757508815,-1.9476004672525458,-2.1121052028121765,0.7710808170406585,-0.042288812392178576,2.655955454586021,4.3717707090553874
-3.089506701055586,-2.447362059555938,-1.6463394755773209,-0.1324178092019911,0.8698377723618164,2.8591959506176927,-0.5518194186320565
-1.7438869255599625,-1.6441901794435982,-2.472873819293549,1.3251882898349976,-0.6035409405657425,1.037160541712626,5.987043489123838
-1.0761802861030179,-2.4021103654659393,-2.3197208995799654,1.2530845878473444,1.4758965589502009,-4.038846552890456,-1.522537966273707
-2.7653206801684656,-2.9935521356950683,-3.7676571177129294,0.8444825655348078,-0.817695725769891,3.261979207852541,1.0469591662932611
-2.23178054728116,-2.6744312307277145,-4.0428305455084335,1.1624198635274992,-1.1293911750768026,2.9871583090390206,1.8405773447430809
-2.7910315557507763,-3.6049311580902748,-3.8567093461787314,0.7337196342113292,-0.07593187578395755,1.5002601256699861,-2.41433257763544
-2.747949334708638,-3.6343736951382994,-4.101875657134298,0.8767778529505317,-0.04241506251879923,1.1093500714286075,-2.94058819458426
-2.6258667679413605,-3.2123490598387514,-3.9735072318753373,0.7729748703064564,-0.0715350930316383,2.0047354367630628,-2.1480543867458226
-2.298857718719142,-3.3944534117726635,-3.7458823187518844,1.049008232879486,0.23108612320995092,-0.4297790709864557,-3.4677510991474585
-0.22624834918779124,-3.675495776087235,-4.652577378604731,3.375137643773084,-0.44107168337840136,-5.099520805505474,-0.07238691843872314
-2.4608653352279806,-2.5826400387733237,-4.167579778378633,0.2257737458755874,-1.4584984768890144,3.182232801994666,-1.4668570429206509
-2.159078866748422,-2.777591171251303,-4.307776845300648,1.214412133057659,-0.5093595476587811,-1.4133001923254203,-3.5210408456986224
-2.1975971925978963,-2.45457744811207,-4.358672298033449,0.4062603536210624,-2.332821539315792,3.5466656417297955,0.3656208224102646
-2.3737822930972303,-2.9581769943327583,-4.400342842177887,0.8116044321030227,-1.0834384424420587,-0.6597619437465692,-3.3479818073302017
-2.133992540801071,-2.5382827052247636,-4.468189902969708,0.6648711506203189,-3.151053224158414,3.0407037504645,2.453104697124326
-2.815296880727142,-2.965641599631832,-3.9913409515595895,0.328664729243646,-1.113548898405429,1.3627679743874062,-2.8838188600795753
-2.065802865216093,-2.8839900460419363,-4.4268627901434785,1.5705099307036319,-1.0034693832602746,-2.9928044591728025,-2.9839911617910473
-1.8217539755464414,-2.699437839634638,-4.091465209883912,1.7321944970596082,-0.9125157713463556,-2.872106552716552,-3.055967015460191
-1.2616909806197412,-2.9867197037705138,-4.633838713076753,2.686503640957511,-1.5310349326863142,-4.304172928543208,-2.0084168215958496
-2.5751186307242406,-3.0094232297629113,-4.5478840022794405,0.47378740934850394,-2.227580579179938,1.73827515759922,-2.5493489978160406
-1.3909900542122393,-3.026594519479193,-4.730094926282775,2.4243122500962953,-1.7105828485541017,-4.010886011468994,-1.9036784610900148
-2.134245570611813,-2.94375441061414,-4.354032328121557,0.36350994895296174,-2.8550615397254404,2.12276432520348,-2.0541892432459727
-2.367133958553647,-3.2231532098721942,-4.771279456013446,0.5993325671023995,-3.0491767051889336,2.4809661895779227,-0.8075011364834258
-2.2403818504495288,-3.1690766224926596,-4.551968763019878,0.4873982906178893,-2.6872120159341506,2.2448123444345143,-1.2047452947372714
-2.5056432484069813,-3.43791097375688,-4.410155362315883,0.31912275829577746,-2.4286362253178866,2.2790905671190145,-1.0820958316877642
-1.4014319067330316,-2.1620702412391752,-4.741886472119447,1.16190239344953,-3.473416176753406,1.2384683103875183,5.44320924588607
-1.316672321137322,-2.8910673859246248,-4.8754427821978235,2.2336806512673775,-1.3522801651770104,-4.012199557955706,-1.518994574635606
-2.4582342637039214,-3.402428278529152,-4.434288870253702,0.4443738258007322,-1.6025582213654403,0.650353870145849,-2.77301469411603
-2.613051012382594,-3.518924747202244,-4.440108977419092,0.28517772396128216,-1.8222519415765133,1.8135855773240241,-1.5078829905462479
-2.581823066805173,-3.5440968261729897,-4.063650255665081,0.15685151990684604,-1.5297132913815246,2.671065506885239,-0.9611843565903357
-2.393726502616191,-3.4245612986005334,-4.267701942180055,0.2556107523439648,-0.733071405229697,-0.8916774047121234,-3.020671909522485
-1.9343215547779762,-3.379696367918845,-4.20372889001854,0.898682248658384,-2.7768606613068907,2.716897642730176,3.1829944249882334
-1.6899486292375827,-3.6946247166080273,-4.70407413189153,1.4181785983517647,-2.8697755706523997,2.4778222570764727,2.890883847522138
-2.2787723251428718,-4.173958868139476,-4.5276355667040225,0.5355209339096819,-1.3287472776701152,0.11309554466369098,-3.020812569603465
-1.7436926522640253,-3.822309810894204,-4.363280245414987,1.0360672653019345,-1.0354375624037684,-2.2245795482824406,-2.874290614879696
-2.0376045950797232,-3.9862329089209223,-4.126430844050287,0.470108739872939,-1.6135421712952096,0.09719330086926671,-2.7430884049449182
-1.2689138716600366,-3.7857464689523534,-4.682913012936657,1.6843171353944362,-1.1047725776271673,-3.53922333478479,-2.435490784475806
-1.9294422891564948,-4.072078668481173,-4.153965743829001,0.7940284019607348,-1.2863054597866075,0.02035333231316,-3.017996959497138
-1.5917863520569084,-3.6904951665010968,-4.501872070125251,1.0529542845441255,-1.753848861686597,-0.27785813960032824,-3.3118765192689286
-0.0276570462557153,-4.161901257772948,-5.589771622511151,3.503191277246624,-1.9169833532000022,-5.103866881692518,-0.6359775448058391
-1.5014043498307532,-3.7589594933089154,-5.068780677448963,1.0178404078289018,-1.7917465720312589,0.4414133516851284,-3.5234979496748395
-1.246908230021955,-3.4777081807329853,-5.302938091035753,1.0067250622150528,-3.01319853697942,3.0537981705634567,0.6752668834623513
-1.8285540288269932,-3.2125035746185393,-5.251557784733183,0.397308584133089,-0.47062284784157443,-0.3351094100009877,-2.7035219704664364
0.3619834717127006,-3.2148664313023914,-6.1015725281751685,4.129958227632886,-1.240997996465691,-4.644557793739825,0.9901558311135465
-1.6559204324538759,-2.985459758115768,-5.21709222006123,0.4955462557585675,-0.3719018740240551,0.5594761465352722,-3.4250245341418273
-1.7972874052079093,-3.043345009552201,-5.286910825427555,1.0494413003440317,-0.1980037041721896,-1.302095419298575,-3.2806067894705206
-1.5190786908728238,-3.0188314991322294,-4.973978620658406,0.20164726861079726,-1.418472081165128,2.8571633737009425,-1.405777418340612
-1.1753659773878042,-2.741348855939127,-5.011523352608831,0.7136921893674038,-1.8887650632447281,3.4715821331062746,1.1977700152438449
-0.6711002464749916,-2.5934349950370117,-5.237325861946395,1.1589086992588618,-2.0692192092695505,3.437295510367816,2.108527922350778
-1.4404907559332074,-3.140917881130508,-5.019506230301786,1.0104475535818624,-0.7325650964526116,0.48596925855213025,-3.5878799902115643
-0.599011369246857,-2.602112280751317,-5.436781394597057,1.5370934568357946,-2.5954277125039558,3.012442058366173,3.4332327544086647
-0.5958453171605202,-4.574631467379857,-5.496283338341524,2.364431775309695,-1.935070927173419,0.10086672706866295,-3.843425581312175
-0.16004837981311648,-4.465428530649396,-5.5355272381702525,3.1299305968236983,-1.5466311308654357,-3.747139146163388,-3.2156591777206063
-0.4698956725463368,-4.335570574018893,-5.427629215809211,2.208223687723688,-2.204166159188537,0.9005468750615642,-2.936419644805542
-0.14037255925932546,-4.6103421791214645,-5.4077781697473535,2.458126597124401,-2.522555934033954,1.3555586181554329,-2.880610558937371
0.40256120332484735,-4.692229436630991,-5.610266223760073,3.593686960209153,-2.563851602598367,-4.509572506794896,-2.870000133738843
0.231642451369225,-4.747424838594912,-5.985869854162456,2.839855165694569,-3.495348762101748,2.1000512521957226,-1.5680524151747852
1.2921696059401808,-3.7807233071385364,-6.657004769406229,3.675021113117976,-4.6603645343226825,2.166661919164709,2.0947353683196512
2.280893679697532,-3.1744852866529416,-7.248950000127084,4.040992632369319,-6.005561207870006,1.168730778227989,3.091495652978727
0.7253791377058663,-5.324534694449428,-5.590220175540036,4.060814719606443,-3.3363907641836277,-4.763582767806051,-3.392526089627259
0.7194205952016095,-5.408180771856389,-5.470656037905309,3.4984824246121478,-4.132055900036137,-1.7616228970384464,-4.1701963506932715
0.5095217002023054,-6.0201958311534804,-5.484178895890758,4.415149899097242,-5.636825834857806,-1.3872664143448485,-4.2640476795384
0.2888388224933327,-6.281133642756664,-5.158871553677094,4.639942501586014,-5.916691542659307,-1.175362500752318,-4.006721224100983
0.238386858874025,-6.428207069494394,-4.257063269203686,4.461964195470643,-5.762319676208421,-4.859398267602861,-4.820251716047542
0.507103165741758,-6.221092414347996,-5.311720636960888,5.33412469098985,-6.647219215617832,0.8218971804294819,-1.3274877198647457
1.4529269955159925,-4.8370521303022445,-6.359125301385242,6.015638906961028,-7.710327412368804,0.7330930049817581,1.366890905206472
0.26988258650030117,-6.667508363741552,-4.076876065296668,4.7874906118872405,-5.806128806233679,-2.713585352396106,-4.4768928973499404
0.6705189050354345,-6.473771092616205,-4.349413452806029,5.2414481308766465,-5.804350752141567,-8.823567790293064,-1.5705131667059284
-0.21126646759357737,-7.415210084274312,-3.462929398805989,3.7253065078988676,-5.494728186785974,-5.804324991192479,-4.211296904783343
1.1260539956068691,-6.792538631113092,-4.1812134629633,5.567736494355467,-6.575545718951792,-9.649504479660056,1.401678351737214
-0.27339611620267235,-7.952207408386384,-3.0173961129517197,3.9619121609309516,-5.767122494098096,-2.6694287134197774,-3.6573275099898717
-0.08932304477016428,-7.708408570847697,-2.81319814276125,3.417473803546197,-5.254199547859704,-5.223583152702487,-4.101245651174785
0.5037349214320708,-9.064977359054687,-2.1926768485593664,3.9476717640794,-6.476956295340505,-4.929176901055932,-3.633699008237714
1.3134298283422567,-8.094228317183639,-4.404385195444004,7.101785892386806,-7.86948934270323,-0.9572484488771882,1.5243119730986323
0.42150794139606607,-9.20834105929093,-2.0161431297159353,4.118463954369282,-6.144515295330151,-4.437964606873853,-3.619377209600092
2.4527127728471716,-7.751178462492519,-3.398149604494431,5.604565336353263,-7.794902905694004,-10.7777534803877,2.744964476728824
1.4126460243354075,-8.703808857164258,-2.2918061310496443,4.169535562665294,-6.235188765905088,-8.706934026450668,-3.5798452162783945
3.1547277128221816,-7.910574298831397,-3.3970787547894856,6.251727461463892,-8.636680827166943,-10.930700254707435,3.7598788116420323
3.3984945034193386,-8.008178450068137,-3.4742178601840386,6.253802881880274,-8.660817722160369,-10.811408720445307,4.768671819951084
1.6619956443125452,-9.072296405014828,-2.1003495257300924,4.5779356650897,-6.770034468853003,-9.525328991094776,-3.0861772580791174
1.679660440130207,-9.715212116029516,-3.6995754423296474,8.033324020921832,-7.344028837078076,-2.442947335166077,-0.5847555919311285
2.298038776890172,-8.870559248869395,-4.598108159863379,9.314543928690162,-8.017641044525142,-3.063478660610225,0.9346565566842626
3.645294863142042,-8.795219266979412,-2.445286601347054,7.022108812776624,-8.579907284793322,-12.917125495110518,4.92455077604915
2.071619940705103,-9.860680470981178,-1.6496441830185322,5.648455601906965,-6.640707365296073,-11.146846648167195,-2.545594085294768
4.269913118204128,-8.55591788937724,-2.534939125069542,7.485682499912521,-9.445770609643937,-11.455550322150977,7.694143012398409
2.304260226746861,-9.985382700616508,-1.3978008212227957,5.8621852263339385,-6.758425119698054,-11.094907031936305,-2.910070353601025
2.4023571007721554,-9.975440344423859,-1.5427099217017277,6.045836891501592,-7.185250982150881,-11.038393102249245,-3.030698890060985
2.103952432393161,-11.203643737941096,-1.5692795193592908,7.273251944335867,-8.184062281750476,-7.270473147831673,-3.2067433123213833
2.3830720685906255,-10.303016299699491,-2.2974182448409604,8.44181138432824,-8.83705546108859,-4.79397930800059,-1.8928758653235165
2.7877708121892524,-10.43499887443736,-0.7873694889720289,6.453375160355245,-7.6607279998660776,-9.968873630190503,-3.099471662810666
4.340916238135433,-10.460298382097248,-3.4024714355235415,9.961213504478689,-10.562718093594619,-5.347871756189328,-0.7777481238182595
5.655374802270803,-10.518838229089342,-1.9721789137535664,7.456872633446736,-10.049238267576584,-13.960255672013991,-1.2021034496007446
5.264705100258519,-12.003447738567713,-1.8552805985337202,7.923666086022251,-9.038321454609768,-7.566707737285569,-2.3263732802990464
6.426173279980724,-10.606072607908082,-1.651504982791216,6.902708414049695,-9.158467645064919,-13.80202713035073,-0.3102182886394891
7.516899780593345,-10.415444719618138,-2.395246364951236,5.908607367692509,-8.330443199414336,-12.540505503789126,0.19893156891712072
6.1380393068331465,-11.757642520302536,-1.8994424498653366,7.073537623063691,-7.627190748147864,-6.882742248668351,-1.717630657661683
7.44549293944616,-11.41775803780929,-2.1253180003468475,5.644477871292243,-7.152350499400862,-10.236187901087158,-2.3793635341168042
8.756477106255286,-9.349567028961644,-3.593129702402909,5.496705888298035,-7.338367437170829,-12.113687896031259,3.1743132079614127
7.447460866434829,-11.172495474501218,-2.8517279785180305,4.786417606640762,-5.123631197707185,-8.635519007056784,-1.2166880999533864
8.569730640087087,-9.191816825996105,-4.345660797730609,5.124864153589514,-6.542858106772121,-11.225857144464722,3.2876272164867557
6.628953837865125,-11.051859665766585,-2.453694978961949,5.2369926683115615,-4.871161714363581,-6.639363505200221,-1.3073436235717395
7.870085955416011,-8.853240738308452,-4.143089198373766,5.115693323875096,-5.648153034411992,-10.897487594358608,2.1023361175074884
5.805815472243826,-11.357004587066601,-2.747175366127142,5.667237923067466,-5.157470484141794,-5.657318445607441,-1.6941886370839505
3.5405457257720805,-9.878277822707622,-2.573713189422913,5.026898588156756,-6.208415701868738,-7.394395843543,-2.5701000158770704
4.048175308094985,-8.602350138227663,-3.0269884121559123,5.085559908196522,-6.367035226838306,-10.365459964504588,-0.9489611042513206
3.218560181616764,-9.947550074053247,-2.858409693152948,5.572713040075783,-5.835744332070434,-5.975739182764588,-2.769298753104907
3.7431696336566076,-8.354147641816825,-3.5702758488464923,5.08527241323952,-6.225868207842232,-10.39899006107401,-0.8385455298371209
2.754885878863267,-9.692227331941252,-3.0341812789031772,6.023496460691914,-6.413866039293589,-4.102003185838861,-2.6045393691050758
2.86492524225715,-8.683335928386544,-3.005217360105597,5.295716171286854,-6.680960659499837,-8.10925313604551,-3.3059984562774125
2.933921866012431,-8.484784675860721,-2.9857842223395084,5.4585361745345775,-6.617131377651232,-8.088518194470293,-3.22136441708188
2.886199871619492,-8.6258096345748,-4.089423090080987,7.062694230800651,-7.75589978591491,-1.7326428577409554,-0.7537139653590301
3.4430882488327517,-6.630385383993892,-5.832944490829129,8.499924947109614,-8.458865200716435,-2.064943423218149,2.6492795654931527
1.3890294715499611,-8.786684918931977,-3.7368111528781363,5.786787883012128,-7.219361437412044,-4.040264207081738,-2.1188696873494397
0.7112130749862486,-8.325286445555895,-4.108900269095546,4.277375583118577,-5.378629344309646,-1.8857109290152616,-1.4871813119913266
1.6905660543438512,-7.098364259912924,-5.7440116303683695,6.938119083641325,-6.454437679938433,-0.812209033902967,3.7770668791416595
1.0300111183444458,-7.658364669696629,-3.601267145945884,3.5491964616040743,-4.69031408030566,-4.493920779254192,-2.378229521115282
1.4893847446463742,-6.249099615565738,-5.081761927962839,4.11824089615747,-5.112276472602812,-8.780152271875696,-0.26535988827252166
0.9509181821237118,-6.335079692736937,-4.701506104010234,3.6556793439684583,-4.993900593405366,-8.005541712578815,-1.4995286210388357
0.45734036543235,-8.233056380455343,-4.289094658004076,4.174736692042252,-5.618885053753337,-0.5116582428749687,-0.8931698598098494
0.7065453363344059,-6.224047464451472,-4.533365606690942,3.4527507021708512,-4.826818108597788,-7.418472688677767,-2.159739406096696
0.5218095825787885,-7.738321167189973,-3.9844761828026343,4.249060368795305,-5.376855338502649,-0.7276024849831908,-0.7938426902274578
0.18627649421534898,-7.839950221280442,-4.872864649110182,4.4240986626750125,-5.00795040163252,0.22634444620303135,0.6756082193566402
-0.16983236174276994,-6.360933657255175,-5.312995259508067,2.6835808271652564,-3.954065486914066,-5.819437351892556,-2.427245683527567
0.2886620757226557,-6.29719956032245,-5.94721613973441,5.308648402160523,-5.537608218306653,1.2885916409727454,4.7987145011062164
-0.8405143555703694,-6.712429094946616,-5.120762007153625,3.6034293631060903,-4.923153172255973,1.8782269065264883,1.198927387489661
-1.9005537092613107,-5.400976135367305,-5.77610293719054,1.6687341317613211,-2.9264454873647883,-1.9057566297625157,-2.6479177893304677
-1.367377818019444,-4.29515513887048,-7.464775609466541,4.640374010355687,-3.764683637824255,-7.328809315411464,1.6007238053478
-2.0394647679566615,-5.187197295010751,-5.833334135387087,1.5882843824636883,-2.469750309462431,-2.2590888331281618,-2.543788773139188
-1.570132761255679,-3.9861217886223472,-7.660895389789305,4.626290397075618,-2.940072666173679,-7.029849745818399,1.5812458006822538
-1.556651202596001,-4.08193118672321,-7.835949145703834,3.8568109289103365,-2.042957287082283,-6.392160001446859,0.4813694184369396
-2.062819615877878,-5.427275735011738,-6.43001633246648,0.5272548997045913,-1.384252200965958,-0.5136518509650092,-2.040274804295457
-1.7196234097275185,-5.794697531514537,-5.72167025840474,0.3765176158617243,-1.3467153266063492,1.5482680582903658,-0.4672382485535584
-1.138121232157359,-5.883374151896798,-6.108297612001879,2.1857904957040133,-2.8802242351228773,2.9195351355592987,6.633363941154174
-0.5138357191603142,-5.229221810500841,-5.861636898682682,2.6818423970542007,-2.944990351540631,1.552267237415966,9.433868027514215
-2.699345160000889,-3.3323036375090425,-7.584944775536095,1.4590346738089524,-0.21582664232564674,-4.580719840781722,-0.4705024468989416
-3.0965035607069527,-2.667203344384884,-7.602664655928814,3.117988589801417,-0.05302319804448863,-5.307272021360009,2.3138970382428345
0.6060970785722082,-1.2131173778162911,-3.7076698462525037,1.8191909927482484,-6.488712628598822,-5.691088199376947,-2.011185233468219
-0.23432382881365532,-3.17293565850148,-1.2950654173122775,-1.7743490571303926,-6.3913243205203205,1.1929791109846384,-3.0546771027269473
-0.02084107566000326,-1.1544832297709844,-3.0355258504607496,0.47060718663237144,-5.923884532334282,-4.868577566179068,-3.418009782003897
-0.20856044922586614,-3.6587242876543575,-0.8423128757029226,-1.3280513601212267,-6.423887899569074,2.327162150530572,-1.946295692277923
0.3127450346602607,-4.008736498940673,-0.7662769885289638,-0.6575574838101352,-6.733402536047898,3.1395813199520584,-0.29049622800813285
-2.184428881324173,-4.3279615952129245,-4.500922096876803,2.3197150109989315,-1.5810336774785294,2.6579471711309104,9.839185452352362
0.19605075900110625,-3.8297670059239546,-1.3822261719863351,-1.245949028379718,-5.466108034688897,0.4176022720164114,-3.904771955255725
0.7645449381950706,-1.656287434650563,-3.9939606183433805,2.3441545928769294,-5.626507421046958,-6.384176426916591,-1.4255634120740832
0.6355512756115835,-3.8896357789326896,-1.5869457039040415,-1.1184704083758603,-5.164655235924943,-0.02962973865686447,-3.977679573079242
0.9789569166692991,-1.8505318758524196,-4.271377440894098,1.8279143703641472,-5.022110971776164,-5.888753964963516,-1.6116100908210953
0.4898890901574733,-4.136892246888959,-1.7241672874439182,-1.1055440563017829,-4.984453763510942,0.43687954378895755,-3.5250312501359584
0.9673309268830381,-2.1221234900789523,-4.225129218567811,1.64793466945622,-5.301061170168605,-5.922308268025296,-2.040085163179733
0.730896552526924,-4.404986639563553,-2.0687942511307487,-0.8931015672729119,-5.285728655917078,0.25671405207109554,-3.0780153311066027
2.2401620807536844,-5.526075548737779,-1.9177860785555312,1.2804284831201125,-6.766809153462633,3.191345773192012,3.2148041703977923
1.250158367740605,-4.826648487424418,-2.0988442087339894,-0.7436849102575058,-5.436926250211953,1.2375837060962827,-2.367510669535231
3.1052823620578347,-5.286183363297834,-2.5758045445378155,2.9142535500467,-7.55028886292619,1.7035405523014324,6.450168188355181
1.698399402852767,-2.6335791361269947,-5.580113414488015,3.1706666891985202,-5.513570933312646,-5.430853797743474,0.10595886279685507
0.5061029437548736,-3.668287303095802,-3.4175683917847843,-1.5008409748665763,-4.239069062891911,-0.7127325974548284,-3.3774926754764154
1.935054267568682,-2.884091686377423,-5.6307180970941,3.9818494490641374,-5.4939826224768264,-4.843680359767911,1.8395884316261697
0.3649378567141468,-2.464026004499998,-3.9451083231425037,-0.894142611017777,-3.904527175446776,-2.861686787782493,-3.2617426775619647
0.47053545065848046,-4.195023160829372,-2.255269803962118,-1.9877088275584067,-4.217230167318644,1.6656268916895456,-2.091069151246585
0.3484193673713507,-2.3223443769046543,-3.856526629657738,-1.1305978431705583,-3.745683107944744,-2.6857843530280965,-3.490579749190326
0.14855703192147218,-2.8195375021230715,-2.992261196354125,-1.7812146765277195,-3.5078984827053965,-0.8920540169252615,-3.268108347545161
-0.1342961282452475,-1.8379151489239582,-2.985983359233427,-1.9796932147535617,-3.766907938684687,0.8897102765812082,-3.3952575265914238
0.24728543705554973,-1.1265358657983258,-4.946222286044942,2.3515836618021173,-3.6810619757269194,-3.4542274827120285,-1.215874196951722
-0.4104220448434276,-1.2237615061065716,-3.630706126660462,-1.1432467114035136,-3.029004113660344,-0.9095358848906053,-3.6473170829079393
-0.4284450873523863,-1.3089460751832105,-3.757084658658293,-1.1210229943789358,-3.7228077788584875,-0.842278226717253,-4.064567506178726
0.3795988787758704,-2.8057706105009546,-2.391433900191185,-2.166252786024015,-4.6955138344896135,3.169667833599703,-0.7026005409988365
-0.28362345876843176,-1.2752914529743355,-3.6005991725875908,-1.3974904158319177,-3.593990613306757,-0.3479026618146934,-4.084989110762599
0.7724989122974866,-2.72388608624415,-2.1136196364679165,-2.2057394487737736,-4.940113099924899,3.80375658863655,0.24568121165866771
1.1319179629108032,-2.9701271502853985,-2.236724347277918,-1.5264188555763878,-6.113455565359333,3.9612065559029066,4.217333693937408
-0.20282370871891375,-0.8334702057042149,-2.74123945588664,-2.3478481787417036,-3.873924835029987,2.063868832447064,-3.2875381238352945
-0.3454756505751272,-0.9926135283088469,-3.04726783057904,-2.492291576604197,-4.389528206529119,2.94296738874472,-1.3753180499479436
1.9008225462489527,-2.4608802110809305,-1.8649172851351494,-0.5300759651893925,-6.28223943219203,1.4690451849339659,8.92905372023865
-0.4249875610257373,-0.1859474252763973,-5.321824729899548,2.8436025596355545,-4.012258577520332,-2.4551999077077626,-1.80986189020317
-0.8207715119105143,-0.19397546527161835,-5.5379995373307915,2.636586197419604,-2.552582363356099,-1.9726138453774076,-1.4149823524573233
-0.9271352801200823,0.22748684032009658,-5.304417001737012,1.13577929486032,-2.9145422566046917,-1.7071828896851613,-2.6717935252742437
-0.4331598160373329,-0.552939961976878,-3.416909089084165,-3.0347620662603076,-3.5898508166844616,2.732206153674433,-0.8083435058370221
-0.35323308934819986,0.5520625861273085,-5.248833120802601,0.9466557622705065,-3.6279667682028176,-1.0138087835413838,-3.5028199739627617
-0.15941840699798793,-0.1251398655597261,-2.9462052714386338,-3.5205684909631065,-4.195015553082553,2.704098066535736,-0.3321686517007419
-0.3243216106742106,0.8377183265163015,-4.782080158543111,0.3973367755461107,-3.1676578589641693,-0.8300120486491364,-3.0759006677703122
0.5838132596445034,-2.399546823600747,2.32714062863554,-0.8107932062029819,-5.504772993146882,-0.19121215336689218,8.037966110570402
-1.3149830042345363,1.56247724705683,-1.5448892757752248,-1.1496347874252166,-2.8283939483641,-1.3904466543151235,-2.9330837079794185
-1.3633121113796913,0.4727529409242515,0.5964446719782966,-3.2079224093449072,-3.249382154226426,1.1263790174908395,-0.7652318374353686
-0.9629558700150578,1.5254481808270468,-1.3524719262717277,-0.6235090195310116,-2.615717885120791,-1.6479698698403937,-2.8723532805419554
-1.1902543952873716,0.40611084513949125,1.1868000525053863,-3.1944612787759903,-3.243307842270133,1.3104243009206984,-0.4821978556462524
-0.8463776552814577,1.5602173303882771,-1.0704060579968475,-0.00929925202872095,-2.331350184393316,-2.16247872379084,-2.8122893088178493
-1.4459141730310032,0.32292842596422017,1.2740227589088304,-2.9744940721217303,-3.3596188781085914,0.8815051017253408,-1.2573406293617473
-0.9960924337212651,1.4756339819818327,0.15857442103235095,-0.7611042116489788,-2.5032018694710976,-1.8336477399233782,-3.108636152247907
-4.132148434079252,-1.444106133799187,1.8044514892356491,-0.06374406238209374,0.5473533088898421,-0.1809389382224591,8.444415227789921
-4.9423227736868665,-0.930519057610435,1.540974343191318,-1.3159449443020448,1.3503244776208128,1.9790014115278385,5.517583845932085
-1.0228926585291627,0.5804700000697423,3.524984860206423,-2.1731243739611283,-3.972052739252457,0.39900619252901603,-2.6369565403424144
-0.5500075816700698,1.0404368824136698,2.4346460463216797,-0.7373106610683462,-3.517057412370304,-2.5836684973511,-3.285622306725605
-5.4062523651901495,-0.39371103293940557,0.4656496512864249,-2.0881426606324687,2.3357376899855367,1.7384483739413858,0.21561643108553263
-1.276918560686317,0.3788313207543752,3.3783223008917704,-2.0933155450983323,-4.06621527308357,0.36713987584261165,-2.5026679719446996
-4.262458931731419,0.4233068036997428,-0.9726641619613973,0.18356076144245792,3.01120153958305,-2.9395893368172974,-0.1618819076344994
-1.0980365996689123,0.1652172673710694,3.4754070741219514,-1.7623663382792125,-3.982762082578619,0.6848644129241994,-2.33061021893607
-4.25925056841031,0.6047301029242693,-1.1960530496782318,0.04705777050920715,2.806711011983492,-2.748973446908032,0.2656888762425019
-1.035476346344257,0.5284293631165039,3.103538667199058,-1.6429060260256687,-4.23383991829521,0.008579280212501206,-3.3203951470386937
-5.503729448828826,-0.31359026764984266,-0.08949245912656283,-1.698049306800808,2.5158353451182536,1.0366712906980675,-0.545483973942956
-5.151475671367095,-0.8329941274832093,0.9164440387421032,-0.7955561866658966,1.2311519020245356,2.4772304618815095,4.505530311964776
-4.695068587332024,-0.9528041408367001,1.2459559750452518,0.295282078375954,0.9970659244642451,1.2903963461820924,6.775830766571138
-5.467346958952722,-0.49718738226726467,0.5757869363716783,-0.9282104663926725,2.495966131001251,1.2180078137283423,-1.2867131283180315
-5.600196459847525,-0.5011556784901681,1.2788219298598238,-0.42642647712952453,3.1328740855777393,1.2401462137067307,-1.0380297058559036
-4.746479852368975,-0.9974669418786681,1.5685062805969192,0.4464783834127114,1.4874710771402366,1.6720115948332055,6.044149509025038
-4.847820461531933,-0.5935481487079989,1.3804463962126137,0.24812625889250783,4.148897058488362,-1.583414937016058,-2.6601680182013174
-0.4402365172330283,0.7384743733888494,4.697073294902941,0.19458167743696514,-1.701084852545936,-2.541911677942228,-3.9400895683642685
-5.240557280577399,-0.5536112433722897,2.458608883575072,-0.5558943606610753,4.346589401371469,1.8279956218784266,-0.4265241478719204
-3.7041502828195543,0.551941754039972,1.3833944040297455,0.2513049293426186,5.127899034304239,-3.7319493831090487,-1.0589536541270537
-0.838550832719779,0.4062726255094278,5.955050668482132,-0.6520552160866541,-1.9777769275592727,0.7266918111208526,-3.336440101191946
-2.786072297492759,1.4283598335548564,2.0314135306186083,-0.1254467595474426,5.472921119520193,-3.6345060992825124,-0.40841529078561495
-2.776322140137467,1.2814533067441323,1.3936816738230005,-0.4181262802517358,4.991326403278532,-3.7787650531572687,-0.5058973726094228
-3.0418074537050743,1.2137140893060594,2.021883606024417,-1.2598854890725986,5.419411887120241,-2.5525995378178066,-1.4377886628408212
-4.282317120368489,-0.3469080706383816,3.7970169470926267,-1.7131058434807185,4.577850839167,1.8738189151405849,1.0198516432663685
-3.6568098672636955,0.8673342760838232,2.6191277931823405,-1.792302960463555,5.290371815420555,-0.8628872127617339,-1.5310788945541334
-4.0401234561385255,-0.928092294332058,4.1312394769686005,-1.132776957520835,3.8441355317052954,2.3736347167805794,3.9877899010418103
-3.6004208628559295,-1.1133635983954533,4.224186374532843,-0.6499686348736162,3.535891096413253,2.036608016279919,5.239516221090713
-2.354439990679285,1.5888576070319784,1.5884320685708886,-0.9227072110278629,5.939098617411976,-2.236439639735944,-1.3596285990464114
-3.690056440438755,-0.1250763679504568,3.5120212631139416,-1.4647870130836913,5.148482629596687,2.3464319546640073,1.5713202758244196
-3.572062550177456,-0.015429562465193947,3.211672875693393,-1.5513301560800599,5.060095028898486,2.38846521626808,1.44499406065993
-3.3360183903599316,1.6060925366641001,1.5040027819378319,-1.2815848397822927,5.968550508922213,-0.575246488706264,-2.094288937338815
-3.4953609929532092,-0.05963949663448412,3.5490431825091595,-1.031982404644858,4.772800452220756,2.331601213874324,3.922856845721744
-3.453283149926305,2.330428007843558,1.808560173223389,-1.739150022765079,5.357721398536302,0.774103013762091,-1.654223154211519
-4.092136654293871,2.3346286710038697,1.689486168702708,-2.03048988032597,5.573344444193771,0.9476362076557068,-1.123997046165933
-4.091391364151316,2.081149773782045,3.2401196086051147,-2.374750106800919,4.881562910619665,1.0849120950942657,-0.9195435961027631
-3.7375659271639887,-0.6255004844920826,4.9442059450450015,0.06548095121635779,3.2730932075173405,0.8857501704563502,7.6669846154815975
-0.6454009155910889,1.5281262123580182,6.467532543426242,-1.8060513968311862,-1.6785164617705155,0.3784155441515966,-2.856743162705713
-0.33793653288802306,2.872594439443782,5.700185347968277,-1.2317709455832446,-0.895578362282184,-2.102664437550061,-4.7140256239280545
-1.2502379828464858,3.1156960583946294,-0.1638274881730304,3.1543979255730683,4.534654184495493,-6.556346100911976,2.000981977446565
-4.528944318991095,2.614692694480053,1.9122903838164829,-0.5984111931932765,5.693099707354963,-1.542967180357917,-2.0497520883128275
-4.562530246698211,0.40103919230587826,4.181299631064544,-0.8382922087162458,4.500289489962955,1.4469088662725165,5.013760464776636
-0.46333412794058737,3.023033083359696,5.676757670474034,-1.3454415382460307,-0.832082560682741,-0.5606521296018483,-4.315317069900718
-4.071883216562171,0.5106110249560568,4.615894906259552,-0.6082487504101703,4.284303923020032,0.4330292405168139,6.618894385491611
-1.7859842432623427,3.3277956936270003,0.8163700345977498,2.8614205599831566,5.024624814272132,-5.180849991379969,0.5422821044709845
-0.13749714326719065,3.9414526346450445,5.281815800207484,-0.3841179376717378,-0.6157988501262582,-2.08033708014159,-3.908362755305446
-4.819753471610306,2.573870965017462,2.336827274582549,-1.0374928029090689,5.372532521781066,-0.23628601822152073,-1.4904067944529638
-3.9033140411749496,3.06713416649331,1.4839862738778402,0.20652687217619892,5.481236578693776,-2.596535141180764,-1.998812649451145
-0.5590725738677186,2.8979633658080663,6.135506404443248,-1.2858593235285158,-1.3373466269204084,0.09199164076808702,-2.7443727934827855
-3.9631354293175716,3.0889582170926477,1.473839342333465,0.1584147671879405,5.612910066140744,-2.5599531029917233,-1.7217024985248077
-4.9625890573468405,1.5960583641302966,3.393621733951749,-1.4495584380845892,5.015549213292074,1.492079068159761,1.2971064437666953
-4.767757923501183,2.052639039891731,3.355278022149573,-1.7771530648839997,5.159107210881368,1.2298511651751103,0.7996083710474591
-3.9043068724661882,3.349511455563748,1.33448067510288,0.2716893307190811,5.3378766891858564,-2.30217749190399,-1.6379941410858874
-4.796942277448709,1.850761998957913,3.4142672406820056,-1.349755549187408,5.167942187305036,1.2925182180116863,0.872899863769476
-3.9315871937718194,3.12494589406385,1.7293805350103493,-0.038410773141405945,5.390221627676392,-2.24636397147481,-1.8326905183473325
-4.660678195498961,1.545437862589218,3.7246949293726663,-1.4193157402983783,4.735289614395274,1.6298477774377398,1.8095734214477872
-4.455978484286519,0.5304673366900156,4.709383497870149,-0.8891522252490717,3.958532971629066,0.6407270665919373,6.20305484311608
-4.774875665395066,1.7906865433363264,4.078884144624988,-1.757243486595054,5.090434050035281,1.469351528060817,2.5270343965087987
-0.7337665364643566,3.322456594400149,6.626813846023654,-1.7920704003206795,-1.1875341242996242,-0.36716570901286516,-2.8470161065500434
0.5131888507328151,4.346603229254332,4.802504809075126,0.2978418391336821,-1.2241284076150651,-3.762786543556703,-2.0413896009981727
-1.02816765658012,3.4214463012752487,6.924138398040238,-1.8841702833147937,-0.9640555034985105,0.0699494103777743,-1.4313152476334572
-1.508017741514741,2.9968842341969695,6.228409762159877,-2.4103988831920162,-1.6464950818147472,0.023288335527152593,-1.182305568444369
-0.7261632642734195,0.9894120494854989,8.737246126174988,-1.8212691371406895,-2.5935655089887506,-0.40929246381294204,5.0742421845035395
-0.10743627486142504,0.07903482360017822,9.620943476876366,-0.90483356261441,-2.9880096712009694,-2.6009249392434803,7.775242814903174
-1.6589375064091967,3.5749965777407593,4.755446261829675,-2.5560027983968197,-1.9157907920290267,-0.5269078902525485,-1.6858394922912026
0.2720464638686968,4.042681557028008,2.540420241868831,0.9019543232884737,-2.0258475022473994,-3.967802880609911,-0.630013197568656
-1.0841399747469362,4.650410332413008,4.164148201169819,-2.0551670367595025,-1.554758560824733,-1.598589678627549,-1.7430435567815847
-1.3138418546257178,4.6624912517321,3.7809668523710047,-2.270976357067209,-1.9650035070733587,-1.7941512208709929,-1.9184360964332376
-1.7693824889162468,3.4059874964914933,6.715226874635363,-3.6646584753172986,-1.3726937233677732,0.849717027955149,0.9509083721262588
-1.0463984442691838,5.1006355084583035,3.7926306058250683,-1.9885345221620747,-1.0620311134024198,-1.7270017927421342,-1.8633958001879536
-0.6359027132983268,1.4872903491870249,7.651384739856803,-3.2294862971264324,-1.3961388452908647,0.029377074334153708,8.090337696493805
-1.6952129202181876,3.664855034203776,4.8768096234406055,-3.602808939596809,0.5864224423765949,2.08590626878702,1.7383784945602958
0.14199276740742148,0.467656644139268,8.409839369000649,-2.1171297265832583,-1.2208019722975285,-2.0583776863830403,9.49420035383272
-1.5980578280427042,3.8702646465657,4.896872566721813,-3.5685659799058977,0.5949971505427991,1.9641184442637107,1.0688589275864537
-1.754122215524902,5.524627359955544,3.645003623219612,-3.578267659527024,0.13004293172195847,1.0595907173913095,-0.24614263345229315
0.11764797413657657,5.2302229965393225,0.792157270400092,1.6560241601329277,0.23718892487031074,-2.827904825787572,-0.14784169025954186
-2.031929123996413,5.547208389684352,2.633483662146588,-2.677798614107606,0.8587373095511341,0.26641337443160995,-1.509913968533594
-1.920341415663097,3.956654566861282,4.577437547517366,-3.908133870033872,1.1838144200276743,1.689616476946724,0.5577478129731674
-1.2344622991034204,6.214751300929436,2.3320169050027246,-2.034496604390084,1.2130953774725532,-0.5055949200474157,-2.007944539885047
-1.718540976188819,3.691605988315914,5.9150281237346825,-4.0191488579712775,0.3322133657166141,2.210761045828523,2.6856301561917495
-1.2829928867592046,2.631184909150873,7.340656040437363,-3.146921486117522,0.7994361347667963,2.151649293261741,5.760649374158005
-1.442163038743275,2.9630190533687046,7.45147413672936,-3.255948162514148,0.8310895330541862,2.1340528770182,5.347937769540452
-1.4481945123382207,6.63268816413919,1.220251951647935,-0.7224330019233907,2.627385179922853,-0.8253437758524345,-2.3974272441503985
-1.8642599228817514,5.043713769621303,3.710271699184671,-3.8418113507314864,1.9900815046592308,3.2725886631449903,0.09803697651522691
-1.3633650511720026,6.930025185144125,1.3595008275313116,-0.6613242497585172,2.9083097609456927,-1.0357922887347932,-2.25241927477904
-1.9701105140616157,4.673581776857516,3.3967844679689017,-3.438133319676581,1.9674392262003937,4.159961211083379,0.5338999967999287
-1.447491112934687,6.172466298311851,1.0329826279657857,-0.7591196697042925,3.1593213983889274,-0.4966712803354436,-3.091051345551589
-1.2774813750195704,3.574041281592169,4.257385546281437,-2.530463117173851,1.4919888142603728,4.839871480128287,3.9125157966590605
-1.360854064820664,2.867911948576052,2.9109127972681583,-1.2702300602443517,2.98169061267144,5.2235684832153915,4.4972425515573855
-1.7016083714459336,3.702214755122867,2.1311369874008195,-2.0868311957381156,3.53602310803813,4.681633581711584,-0.1884259836743174
-1.5465438261288753,4.085035241880768,0.9043479991429237,-1.445340602570746,4.4133392936136735,3.1459878769616454,-2.8730229320254157
-1.4350885239315598,3.4303562341855343,1.6565463197416408,-1.49424184853651,3.7085438727035895,5.021839708729212,-0.1856084998002303
-1.4079542221305081,4.220558001908492,0.6151025353763248,-1.0465179819817614,4.7160535095791385,2.205221388885557,-3.693790585735141
-0.9175835440241256,3.082101652663168,1.9973866540219338,-1.1171454416918,3.214622470924295,5.483699945312781,1.6878670913671192
0.12019824887214736,3.0784844505566755,2.1769912307731625,-0.3714977346901227,2.961438897108455,5.518028095622039,4.569868833926683
-1.177390567392619,3.9033211616379466,0.5591935255221985,-1.0182196976278002,4.520304213439076,3.2610933411159198,-3.6259663363964987
-1.0557560047349541,3.9201272027634344,0.2714114523954904,-0.6268575686791489,4.5549900294832595,3.8198291218038256,-3.287848334008285
0.8329300373198891,3.3876599468692703,0.9733799208996745,0.40680263097411995,2.8467875366322684,4.612975640570154,6.131990653388104
-1.6936223115284965,4.207894295535038,-0.7297054379210361,1.0778678933928285,4.602282827147164,2.5580988885449534,-3.8685666094020146
-1.6361694223858945,3.8936333325374686,-0.6341595120946294,1.8063343778466296,4.624475365088626,1.5613585820351914,-3.773767440876803
-1.9730175436150392,4.46205593148711,-0.6103967597192603,1.6959193211577688,4.248146130326373,3.448630516954022,-3.527663612842226
0.12928677152400958,5.305784718110872,-0.1955633919489778,1.1947628004556838,2.4264527187201868,4.619075116838397,5.342899025642625
0.05723541759560802,5.429216768087728,-0.07768316030420953,0.8961517855303234,2.1750711795241378,5.055702583971554,4.863251969420516
0.4897290333203175,5.278612732158406,0.14202205418118558,0.9646481792460943,1.962325594130184,4.064364667407186,5.931811134533525
0.445906255803149,5.8790058992119345,0.29503455883146024,1.412793744444573,2.3482678173831175,3.8680000840414706,7.034631025553509
-2.028605451659055,4.515407132522972,-0.6367651771276365,2.2271605893619006,3.685424176226543,3.025564084387835,-3.8969201600559664
-1.0202929436620356,5.697153103740977,0.035517263430981355,0.821052885975749,2.454948268838472,5.663872145245738,1.3000447372752175
-2.3060043439843874,4.817944585942144,-0.4942418961301531,2.0790285922437786,3.9169031456887753,2.8086999217284965,-4.077866346814442
0.02673782506534783,5.956064229263324,0.9827994662954563,-0.1863993128177825,2.563213937282293,3.140387183760071,6.610254216978539
3.26766806268333,4.879116958906991,2.8539924177259532,-0.4606632183709025,2.7508017885133964,-3.3858688401704016,9.579627788285004
-1.2728004834014772,6.365521195920423,0.8524800509152259,-0.7434342908670117,3.2595390468836882,4.771566113546975,4.084167022351751
-1.0242514787281585,6.4524171310692315,0.9696280435579443,-0.8557163165020777,3.7741473205964526,4.3984367155948565,4.943339159263441
-0.7659117621593086,6.895073991384193,0.9474641384430375,-0.928394139159751,3.886262666988247,4.027342759978987,5.089909921087619
-2.0967261867298586,6.259912102509867,-0.1948366580667707,0.5749915916440427,4.807154450576242,5.427071554386456,-0.7935329670552296
0.4693424905719201,6.450118275193066,1.870501416964136,-1.7380921901720447,4.176907216096853,1.6412304776890272,8.131666338898944
1.7993639058536743,5.6163095699537715,2.740080329716247,-1.980945190655186,4.024247877911158,-0.5753659590698526,9.533618908343966
-2.0216420269808353,6.883335916123245,-0.3972245098928369,0.11293614718870781,5.151562217101476,5.129625297257423,-0.4321850244581362
-1.5481664731680134,6.0798571815021685,-0.15656970059034048,1.7109141521915263,5.671581672350319,2.773221668674312,-2.529755610097973
0.9583225836158328,5.973809742745509,2.414374610360495,-2.371097402016506,4.499992470897417,0.8580687693597706,8.738625109837239
-0.46269812605881144,7.252746622473974,1.2328215240142688,-1.5490296365478187,4.875870637598608,4.543708337936113,3.756528472661033
2.9569893759772503,4.074415357470438,4.268048096643714,-2.2239217499159736,3.839189262702416,-2.221322919289696,10.349304322397007
-0.7700277070194514,6.494608549107599,-1.1972745667546287,1.9771062877453291,4.572416380026354,1.6554654503604345,-2.8765486057768235
-1.0494620836703357,7.496975997982287,0.11837513854943336,-0.7181272745348047,3.7560162210688492,4.8224384816434975,-1.250052646094714
-1.2221104093304003,7.437810816215194,-0.013878987153696176,-0.16140296837913193,4.399113499222278,4.684701601112579,-1.5746706850548526
-0.9271521312435491,7.41440234662002,0.2919579734617367,-1.0221401280949483,3.516917615471526,5.113258063035316,-1.3009143241533834
0.8475261569831087,5.891440688858261,2.5150632039651377,-2.4275115979423445,3.1336718298404462,3.5345066152053874,6.335231705888863
-0.7514216187723173,7.1391248044493105,0.849887658105648,-1.2084379936266867,2.6840719173120693,4.540650545604135,-1.5035096360474385
1.1407872062757427,5.622960598903651,3.0011673990126684,-2.643258268957619,2.0511696900951524,3.069279109112537,6.504456911517452
-0.5509413317287628,7.054779056756732,1.496829822407506,-2.090243405962558,2.632783943569605,4.914530136544963,0.06577870639033145
-0.7241384922351879,7.3680653971493,1.2479766331240763,-1.63032913124003,2.3980676014375035,4.360767729087474,-1.5707532775962945
-0.71127359576419,7.24396862240332,0.7752989202390611,-1.0054730852416172,2.4977395456782006,3.75823655227277,-3.031391531488045
-0.659746574144745,7.363054224094622,1.1312224183797162,-1.1835529171190766,1.8993628249047285,3.8959254638379894,-2.451771583237063
1.1166353933337907,5.578247329044992,3.741318863828798,-2.522777212036463,1.497481859783206,3.355940600465622,5.720254167765808
3.5941296713431186,4.069224540080445,6.049670731709815,-1.9472808713841676,0.5582796242876078,-2.365781710547861,10.33773658285974
4.559647652869887,3.0804533243624626,7.031753644682336,-1.0913989695615296,0.37933965828831107,-4.572650221631594,9.29702054753541
-0.09509795108984487,7.7946878332525635,0.4663684988124139,-0.28100066459491957,1.6345557458920505,1.5922442367889573,-3.6625981734814586
-0.0221507717875169,6.791970108462829,2.8397123419583377,-2.408722070141248,1.6871289277140624,3.9349705866810067,-1.4036758806197267
0.17986590082971055,6.798187761816444,2.771373401232448,-2.2499277450662643,1.8132870868827489,3.8476142607487,-1.3689109580979142
1.8132606776364428,4.888928673365967,5.49010944990285,-2.173271033850427,0.6522081363583346,2.760326111089383,7.232398621615443
0.349529666949028,6.306661872875,3.7136631942758562,-2.778202765501266,1.5187557447052658,4.20214443465714,0.5754653429635246
2.6572200784887476,3.760160507254935,6.211427024162435,-1.657762069777815,-0.1943330270001009,1.6454974036095966,7.928624301327583
0.96780840358429,5.223766831067201,4.747260036128191,-2.587616072696729,0.9232792615048564,4.338499650499502,2.704713618262932
0.4777699761342351,5.877931278356859,4.137571372941893,-3.110518591902603,1.1894742926600996,3.769923215319311,-1.3274434910810093
-0.09435784285363535,5.849166120310617,3.912909375555334,-3.308369492103413,1.8179769168422024,3.381867670376421,-0.9763626634567517
0.13497449475613954,6.273520878673666,4.038590536938829,-3.616403756787078,1.5928714281499183,2.1587552524460527,-2.000569048395174
0.8351358621673901,4.192693757556446,6.178253825256618,-2.9992463725016916,1.0260196594368147,3.9297235615990083,2.9945821766664626
1.039032782319312,3.5192711736917297,6.861590362121975,-2.6798123506259848,0.3423653429133581,3.3349116595799435,5.342239360604074
2.179033168399971,2.7131994888300714,7.627509435980142,-1.2125326773874214,0.36949536071611955,0.7086106508100541,8.21746012212766
0.5024987095055855,5.413611859958816,5.606252076010845,-3.3712455402118318,1.5094580474313377,3.3466133415461443,0.07400289501556623
1.9433523866058813,8.779753004052862,0.9449468195786146,1.2374617596737072,1.637908778902923,-2.1147361794259245,-2.264835804026869
0.4212027934600959,7.559454358888811,3.8608917159548843,-3.099259942820666,2.3126291013255877,0.8373744457554394,-2.9954508077407898
0.4887838360875776,5.045762472725905,6.156002264997226,-3.632416277674781,1.4495129989112416,3.544537383472285,1.5350503541233471
1.2601038949528156,3.9819540540572396,7.690950704410384,-3.017062709454194,1.2740259690114641,2.9072883979523745,4.23764011842661
0.4681724715689739,7.711810529074823,4.568301805169898,-3.8067910777957366,2.6453485151867224,1.0242722395232549,-2.4254260152865297
1.43370198595476,3.491245228261481,8.016461949523212,-2.6295174967796635,1.5716434260577845,2.7301383858952435,5.213041299641496
2.1252450241082235,2.907338207567162,8.718936605376902,-1.966820818839502,0.7330265599050416,1.9589912189996945,6.590858997203424
0.5950261488611406,6.46589116640853,5.600089188360454,-4.024983980749784,2.762717694427141,2.083373507007029,-1.073997987503279
0.7962273724785149,5.687280252061012,5.977179498138534,-4.037277872952783,2.2789840584092786,2.613617805775048,-0.7791606796185597
1.0282047896749482,8.711867878804028,3.168497992131362,-2.6142031182676435,2.711288006360551,-0.3099885680256447,-2.9417351897309527
0.9037465570548346,8.376067853744559,3.1500671637482482,-3.1273537795222497,2.38956035034101,-0.23922930469982034,-3.4890291253902284
1.1747148771153755,6.59652587561595,4.333781158145245,-3.7943408115552413,2.445675263206515,1.746386964080479,-2.8090595324365664
1.728643476837503,3.326710142912234,7.135437954700278,-2.9854281386382797,1.598616909678917,2.9456201232706833,4.5985917289741955
1.771566688416371,3.9424861254253694,6.758779398620304,-3.1067117504448083,1.9101366588018127,3.11533861125682,3.308503790549003
2.579517719462812,2.392371348472048,7.583890631824199,-1.6522042425106096,1.2451489340459798,1.7551095198480064,6.70442271944316
1.5742308834416199,3.902425211468087,6.259161511355327,-3.278852414815767,1.7558308560598448,3.4983365383644904,2.683832684861601
4.409797750827635,1.6213795141956295,7.3657868235014465,0.5768713348941521,0.806222798934868,-1.852705620662059,8.373307086977329
1.8456758970504117,7.431539085376135,1.121809161888118,-1.5871871347929405,2.45806952621242,-0.3358552094431404,-3.0603355106833794
2.583470695758438,7.8331971110861325,0.018121969514036718,0.5721182949817174,2.3130031115648615,-1.3918154201704522,-2.211612669356546
1.461617427090716,4.271220484495753,4.49384765071836,-3.0696585966543486,2.1780266712521397,4.0663882578324095,2.0331673443268063
1.147690908556426,5.849683467225611,2.5745752548593,-3.151246652301173,2.7822683744133228,2.746562111352464,-1.786499251957062
1.0323810165243197,5.47616631818366,3.332844437295826,-3.168622995515806,3.036029817292563,3.672009337521968,-0.7434740997459157
0.5096412277855213,6.256766484053742,1.6250532694060165,-2.3247269919905387,4.443396240609982,4.507078454946405,-0.7388030652701796
2.4970478293426686,3.648205859754461,4.390390506105637,-2.769013526629309,3.767023995387531,1.8426608972639213,7.152073954999258
4.09568968119438,1.584717942227839,5.752484954004496,-1.5810260924125745,3.4265112019011954,-1.6458483112612747,8.626643436158025
0.45784654141172876,6.128401928953162,1.411454867150408,-2.5107838550476607,5.726070951714851,3.5720737202446444,2.9381107694406023
-0.7072405204899508,6.928817303640365,-1.004944231498115,-0.00037944645189769144,6.449142747546753,3.932546541420306,-0.7955773880062194
-0.04124422108251924,6.351016067195116,0.49160205438934457,-2.6012353066452505,6.320172893579917,3.513207856387152,2.770113673420736
-0.31330207704075663,6.940908376039808,0.3252389389591433,-2.1432265923482157,7.014751012697909,3.4812445006422177,2.6105531259673693
0.6168095256186616,5.753019128806272,1.6142988764679111,-3.0044840075439017,7.477010514075252,2.232155028330186,5.49211229720962
-0.8127433482719466,7.094622324924122,-0.42649320520439626,-1.931091739432536,7.542667023913806,3.613010840300917,2.026890885191956
-0.7527726377918915,7.371608761727936,-0.13175650352102075,-1.9412617022854008,7.6982685354782365,3.397382736153448,1.8352903995974708
2.0499841853402563,7.788232335027448,2.373942367986969,-2.5588094222548956,3.063793617201625,2.523200554657854,1.1700415382376237
1.446637177111013,7.674588413111966,1.530945916857898,-1.9296516206389893,3.759263668540699,2.949327299678434,0.1603745134543484
1.2450155772228015,7.488211469059074,1.3495420458599456,-1.9487582986612138,3.6286890042062905,3.082502942733529,0.1349183626731567
1.6394547327865836,6.825362162514062,2.9923992100940406,-3.3622887935924135,3.7797603887497497,2.1886109269571525,2.1072893002131208
0.7077059106974994,7.692150389677939,0.9682870265700957,-0.376253179732877,3.8632460936158726,3.026822343273397,-1.0333900042810233
0.8421968921538137,7.597169945661302,0.8669342973232572,-0.12386636223397751,3.8468137225012944,3.0818570100521594,-1.1525679806017228
2.0355028243850746,6.125801152243385,3.6015414063401687,-3.834128948033886,3.870791024588357,1.9520885375810968,3.0800108360640914
2.0293842939091604,6.121060302367602,3.655389550862917,-4.035446267267339,4.200499552284477,1.6390408909977459,3.3284841168873616
1.971172928423327,6.488961911697515,3.0906596030599944,-3.750556931670757,4.7508309805277325,2.6342204351716996,1.9346765540757254
1.9545926675896286,6.70583632712457,0.4519180220534005,1.4586466967302698,4.780495063621756,2.7528035717538613,-1.1758929220721623
1.5062071049230519,7.41475547051124,1.4521126199424184,-2.302517773896317,4.82297759544036,3.304700734448586,-0.4280720194289387
2.6872490311631534,4.927487817619299,4.299224293799845,-4.383033026878777,4.666314337632592,1.9197381631017612,4.472757133966594
4.077189950056509,3.620015537822958,5.929826797588338,-3.9390585987077076,3.881552263530258,0.9067306041202994,6.347469856168435
6.100826329496005,2.3521292233958597,7.117000418970424,-2.661988787535744,3.3226268219472184,-0.032765342227814465,6.863869368337501
2.9783503392411577,5.955597069270979,3.515632648330378,-3.6904384796496696,4.093264193125149,3.4148806067164763,1.5720832777512916
2.5320271358626556,7.058870039291395,1.4281199617326281,-1.9049068685311379,4.337612068637781,3.4453114001774967,-1.9503895795001442
3.6501022972780097,5.757996708308257,3.5063373014402015,-3.7122592941358903,3.7419805686050385,3.779313580368534,1.3452440235164458
1.005673337687324,4.97902527151517,1.3805413352389273,-3.6715963637930704,8.53636903666283,4.308962315234974,3.459057210965665
3.083722853681657,7.232731413671856,2.5339826226007305,-2.1367934801557835,3.857982929780223,3.474589902826383,-2.2049216644704197
0.6625431212897026,6.3724762400041115,0.878720230770951,-2.7425099295342044,8.454509256569139,3.4665106402203603,-0.6890592395860589
1.6325741366279067,3.557312824700008,3.9094014732545506,-3.480630319250109,8.06036231609918,4.077653380487306,4.5719561567894935
2.5001418591493825,2.4653595405368187,4.425439743864078,-2.805818678379829,7.12064869990725,2.9966467710714966,6.711550051754875
4.0192101366661195,1.160527970897473,5.668063855400319,-1.4119904278619195,6.31274102208891,1.1173292997113724,8.21843197357672
2.678994942636451,2.557850950839452,4.800693272799142,-2.7286253497746515,6.845118600242599,3.198465877929735,6.332603120490193
1.8791473122155344,6.09823464102795,0.3538948467468526,-2.5015361650235297,7.416181662302379,2.553247109666238,-2.3552662919538676
2.7566433840105633,6.259386477278886,1.092840892374162,-1.8944638367441526,6.70301940249478,1.5528117799413166,-2.974974436220352
2.7594463250724304,5.932601969921525,1.2982567034682184,-2.7776354262728633,5.974853173479145,1.5800422802349936,-3.0196649155268744
2.5672443333997155,5.581401914157199,1.8488653640177253,-3.8921119547606664,5.187223271855696,1.475587844411144,-2.8274194925161114
2.124788217374254,2.3481537667701726,5.462817989451911,-4.736163958793382,3.0970318324677124,4.415583289642409,2.5501264398312133
2.887426920989408,0.7483346759064287,6.219354813011755,-2.9700263254369554,2.715879779543064,3.726874965193991,5.352649339835063
2.157853381699428,1.3955907717209415,6.5934040824486155,-4.467303226465618,2.4058653720982357,4.053298847221907,2.1281909108226853
3.696929184983446,-0.9450582895473236,8.008915102456761,0.6636108940230308,0.6415537522618295,-0.2801865130407614,8.394559680231202
1.7737331143882564,1.7990534867559949,5.776341930697713,-4.7823612426023265,2.8793373494452843,1.601692529010306,-2.3626279735874807
3.137101151171471,4.20483082103958,2.156112733634607,-0.8062715171156519,3.1633879299608316,-1.6411677015936044,-2.0280152054651035
1.5778292425913745,2.5261378027541537,5.220981419358474,-4.501911891344567,3.166974545191814,0.5633329238936946,-2.700699991820657
1.2418893510571642,-0.7789140450458683,3.430403397183553,-3.3054566893992705,1.331930628765986,1.7542454720844445,-0.5848146084590384
1.3707857476503675,-1.9379840781891258,3.43722344864572,-1.959406887381368,0.559346760902036,2.0584262901147046,2.030831145374053
0.7638255782629606,0.375593561480514,1.5696718520470585,-3.381204514084555,1.3322472897033446,0.16777494333093912,-2.578616961792393
0.7503286952370689,-1.0626646915831581,1.7846661132967128,-3.1053613848768973,0.8309080565257008,1.3997763908131264,-1.2798030678413865
0.5006516712869,0.24925851911143992,0.5495332023116253,-2.7731950074315797,1.2202384062895972,-0.14047950658642583,-3.184532888366979
2.3932192527555314,0.4279061318497107,-0.7868098847573163,1.411580117357562,0.8027877365402178,-1.8352498079629063,-1.800204043145639
0.8477466706450081,0.42986967481995786,-0.08047230479360905,-1.6905040426278788,0.4138330216640887,-1.016331600045372,-3.6081138552480208
0.639947408937796,-0.10802197001872753,-0.17874183579697328,-1.7423437678898297,-0.23001400458603363,-0.9619492525220049,-3.4413272241767965
-3.8160377177542038,-1.5282523508617067,-2.9908226342862836,-2.5542625725392814,5.336740820004106,0.12901713491570144,-0.5198126106163331
-3.6281062678902405,-1.8443913622394776,-2.9694111474313694,-2.0364681759681145,3.3692967162948446,-0.5603300761497052,-0.5540866972058058
-3.417548096123981,-1.290606699881647,-4.500604247870892,-0.03240428472704859,2.3349707211565627,-2.174086931641205,-0.8126057897758774
-3.795865999664963,-2.0550550725469936,-3.1994024037358546,-1.9045818053181622,2.481743892142724,-0.7674843587004224,-1.186215624355389
-3.211966454645801,-1.690181188262852,-4.846185832932605,0.6797032384999051,2.1844975147195353,-2.197869023496588,-0.7293807863824193
-3.6285630249035794,-1.5616596227336883,-3.9055880615508967,-1.0397122406283237,2.0721289286292097,-1.800226269569107,-1.4789619935871343
-3.696254221110139,-1.85171291240997,-3.1678539989088472,-1.7140546734396944,1.157514061371161,-1.503696812668591,-1.197834171814593
-3.362712671222607,-4.240632083870559,-0.6449544401831719,-1.2353334690249465,-1.3783497562304259,1.260806539768369,3.972179294800315
-3.856330667472659,-1.59661047669677,-2.7017015658363737,-1.2729247402957273,0.7262709125793108,-1.9359380085096745,-1.4919601657338888
-3.8576530673318894,-1.1929330422057707,-3.9320011121775047,0.31690695617805587,-0.023984135805136697,-2.776059438858808,-1.0976448669934682
-4.089084548219761,-1.7143171098244825,-2.560397359462877,-1.7599195712678988,0.1806233059627389,-1.2866409273948962,-1.2396053806096972
-3.787704696964175,-0.9585802104135795,-4.255725390222957,2.3434853689810273,-0.06902371260478157,-3.3839956251890437,0.2245703269663567
-4.251231912063896,-0.8229109054683581,-4.393672210233722,1.817448168376201,0.8388311954595523,-3.114549397044836,0.3592987254571346
-4.1034354998911535,-2.4735451328880425,-1.4468735096426506,-2.3614382749288287,0.34721725608747356,0.3733390573653197,0.39259842350444746
-4.263307373310262,-2.383529614765007,0.015879834223135603,-3.1362242738233417,0.30959301920284776,0.9117864503522848,2.2034354740808877
-3.7023940394965322,-4.17554335198658,0.5347219148609651,-0.4624123725768654,-1.069403565940207,0.9417957819981035,6.698859303354494
-4.329434260800209,-0.39261164843151075,-0.8123940537707884,-3.6514682678508086,0.4484850624656247,-0.6673969160704127,0.2909138285868831
-3.4047281073273523,0.7923524893768201,-4.303855093448431,2.1598397259125375,-0.3762946397287711,-2.464161757872559,1.7624273838188114
-4.197763544628667,1.0873923340279479,-2.045464053876079,-2.6181096711191394,0.6063596968153377,-1.8329626854303167,-0.2652184993358313
-4.2332088208218215,0.9271957075897064,-2.5841207268190667,-1.8322345661536688,0.2736554923349761,-2.0162821287523967,-0.03963671092379939
