0,1,2,3,4,5,6,7,8,9,10,11,12,13,14,15,16,17
0.4949582983526244,-1.8272404792549248,1.1761444588695262,0.10046005280678516,-5.616797411360285,2.2169235132457836,2.801107856259244,6.000449126329239,1.490380936854401,2.506581520972356,4.0857931040120565,-2.443778696745947,-0.0661451907608891,-2.0401483379210075,-1.1225344490212603,-1.3181042107974146,2.516723614832147,-0.5821465466962154
-0.28861898932240093,-4.485902769470833,3.695534796165969,-0.6571674381897236,-4.010106509397731,1.4920537814701633,3.228082088282312,3.745802683296219,1.7975828285216258,2.9029102537850164,1.474627649967425,3.933844771150563,-0.5586075251719829,-2.679335457106834,3.488509727578522,0.2194417981552671,0.42040694224998265,0.8794237098112596
-4.533933717945305,-0.3443193366703452,4.050285607848954,0.683751492799012,0.35601029812501284,1.5121429010844318,-3.164442306972161,1.0262023002895955,-0.668036584716885,-2.720034653163324,2.614385604505718,1.25821808613579,1.1721571637649495,1.283497536882657,-0.7497162247144116,-1.3871056384150764,0.5638597475192841,0.8464322424734664
-2.937353033086277,2.395741991957777,-2.5602646378749725,-0.08286274529679627,-4.18256417616831,-0.2447100127095017,-0.39718452873808374,-2.196631198562179,2.337706338947492,3.632978927091899,1.4646815598831877,2.4943687447399805,1.1310992452446973,0.2974298205201489,1.7931567899030316,1.2938547277886419,-0.6377588855491996,0.18416115012588127
-2.5319405432052866,2.6096654576925484,-2.197598859223152,-0.039001771139339336,-4.868278168608962,-0.24284148352430968,-0.5337419401459178,-2.1809257805113194,2.1843871612909584,3.7815513788458057,1.5924844562734954,2.7441483280414047,1.1167781778011665,0.4205624026740129,1.791990232166738,1.3306464415823311,-1.0639831516224425,0.22884005805663835
-3.8327047878867493,-0.04620684711356993,2.2679874319881956,-1.8130938063929007,0.22193385379268515,2.1260548977861387,-4.365150404421687,0.8249185190192936,0.6475405095314537,-2.1056047875111465,2.8402112704650584,1.3697706003844141,1.3794117213137786,0.46190836320485285,-0.8316546123949935,-0.7547013703990922,1.5785157105281942,0.5990925880223408
-3.5751945688323854,0.15207570660987313,7.1587907036270675,2.665153563491268,-3.025593721584175,3.0623102227403267,-0.6143634289452296,1.037277373563008,-2.823667546125521,-0.7813085702245499,2.238895458322257,1.1074073622692435,0.5832167724845014,1.1658739982160633,0.03427598157057865,-1.6383428204906534,-1.2981420612100236,0.059979155799328554
-3.0676105828797926,-0.05995735110205197,2.6410300839128347,-1.9269857069564056,-0.3860067763797147,3.7477303290677404,-4.227085762294864,0.9066583581462985,1.5872425835533255,-2.23442052065206,2.551745860171464,0.6231077791892254,1.8783447285901134,-0.5266940848929628,-1.0327366140961516,-0.76330108687233,1.9565682602595673,0.6747341577753403
-2.6546057519807014,-0.03417264713328527,3.2337146005492854,-2.1117491595425704,-0.5548183829669313,4.356362422130152,-4.302180523046933,0.8925155160635468,1.2860896135846274,-1.8632824166240227,2.6501806950145927,0.06113942325485211,1.947056665070169,-0.7189874027224625,-0.886896113069381,-0.7071506930066177,1.9614465108354473,0.27874157648341735
-1.1357406169528566,0.4704636816963092,0.18147703787950187,-1.8838307068510436,-0.7485058418739794,3.9304707141125714,-2.439382329314182,-0.5533386330591994,2.895692117889361,0.631834476491743,2.9495383702479083,0.2158445699033117,1.8537942174405573,-2.3901659346927944,0.16316855175398337,-0.035164118096419505,2.356374632690856,-0.009929352690599663
-1.5275715631589333,-0.00037997077419749115,0.7880942960539064,-1.7742998863359674,1.2472197302997257,3.251964639177889,-2.2688429310216196,1.194875315331899,1.936586874027802,-0.283066379842446,3.537027027171871,0.2438181564791122,1.773839696248814,-2.4694968447051933,-0.11090090354997684,-0.6294054922147021,2.5586235684010408,-0.026199283869636658
-2.269815990793992,0.5824117854778856,-0.614703245433252,-1.3261866036023149,0.1907807324539983,2.0475118508927643,0.867752169920546,1.203527856477019,0.9403692797203876,1.0589696629948524,3.3228220469345247,0.35295791889539163,1.3836331805505924,-1.9731867398254272,1.5076149226631717,-0.4452318638575561,1.820796153209243,-1.0002578930218793
-3.3412221004777365,-0.43721983319111324,1.4840405168381696,0.7443146132701381,-0.9644240288082935,-0.3565657097319648,0.3614148759317918,7.608230131247875,0.6091209794573724,-0.1805132431359644,5.444522394346711,-0.6413922844514857,2.0053866940265856,2.2023610829529305,-0.4105752044412234,-1.5717720954966177,0.2894981278448469,0.06148357044838948
-1.7879346234405387,-0.20032851957722497,-0.7011499890756293,2.6201132895189128,-4.032232070199729,1.02515630432723,4.1409135964592165,2.820347056184239,1.4225253751262537,3.749407709003104,4.894834865092417,0.44957291877063493,0.7568556700410087,0.3058756830290268,1.498639323469994,-0.661091576538871,0.5968789741601295,-0.9027883598433104
-1.6831904160736448,-0.612716224180027,1.1247223234430666,3.7374447929815786,-4.565597925419457,-0.1219981741721371,3.6930186352937233,3.039503106843594,0.6970184386549051,3.1618484243335203,4.959795699974911,0.8533345394930544,0.5188478935997345,1.297443581438217,1.8375432581134632,-0.927451213041066,-1.0251024355857874,-0.6118274349142991
-2.3505084520327792,-0.01436880876817196,-0.5820716994589509,-1.559145161448881,-1.7177507124194034,1.7988899737345934,0.6211794191152065,5.514195827720817,2.013231884737179,1.711690214719722,5.355794063807254,-0.5975904141992365,1.7018778005294137,0.733578326279382,-0.8797288185130567,-1.0872421849223626,2.4293162763805833,-0.5978313675503304
-2.123102232127686,0.06335434024891934,-1.0457316974004605,-1.4318128653454827,-2.3645740323103497,2.1975430417197077,0.9383840281474602,4.856468758840331,2.2764246705708207,2.065388908309394,5.24429795645456,-0.6743611405699721,1.507061370053739,0.3210650351297859,-0.7380221812917034,-1.1641114697030108,2.280107468789806,-0.6955146516605729
-1.0661360366380126,-0.2818251452443117,1.248247332572321,2.9918793510158177,-5.479061177952089,0.13278310558439488,2.7856299827872193,2.821039739724032,0.47931625303755554,3.6662091307935007,4.763344572250998,1.0291007789975075,-0.15356277040984634,0.14048995745093862,1.6325019230651558,-1.428191380397097,-0.56694679091461,-0.6939450509697298
-1.9044393251733256,-0.3927200470302349,0.535552475688459,-1.7116016859805752,-2.208642891488955,1.3220147690149795,-1.0476765007590252,6.824033225995003,1.1407351075038925,0.4784037077903153,5.681282234267477,-0.3386651199514641,0.853771230144372,0.5616721776071469,-0.6066375134741284,-2.02978514195346,1.1744049450490124,0.23501237872211567
-0.8838654005992672,-1.1741399481819381,4.1930600433047225,2.835310995355089,-4.78295015955832,-1.538711248596183,0.6918212303526272,4.324548241702695,-0.6870289746108416,2.3906758817996563,5.514838460276203,1.8925989298943444,-0.00815155892382835,0.9829471933762339,1.1459868507830335,-2.6553131224476934,-2.1888238119563512,-0.4061516789189673
-0.08355571223816027,0.568430842505153,-1.297775678663793,0.20244148405756834,-5.767513400033239,2.191390819304143,2.1172027704903016,3.059305715844806,2.170636705669545,4.157098714454168,5.088307251757262,-0.5440106227786745,0.5746893295280017,-0.9469036131503423,-0.16850621145502043,-1.3529526394544893,0.6886020981299242,-1.0381059364661702
1.5559998354714384,-0.5138930075887953,0.5828136129514682,0.9602102334814405,-4.817194131598724,-0.4122908433338381,2.8558580165698073,6.672449926379527,-0.6927043705009384,3.0681124499538504,1.8783628359505706,0.661892711432952,-3.1934024663552205,-1.5025854818136855,2.2104914521691392,-2.767196495631124,1.5521307699681748,-0.9905167288436618
0.12290535654865875,1.1501933889102054,-3.7858791870587734,-1.4099289686209049,-4.309609792433348,0.19752054792921947,-0.6693097423923227,3.255165604167644,0.6806906524362569,3.319008156373324,1.0999380188308066,-1.2656217469166144,-0.99081473336806,-1.0877739024966362,0.1604159473719584,-1.8676391023986332,0.10700348575010936,-0.6722596010689713
-4.024677109433384,2.899959455094872,-2.202878272748422,-6.432225320458848,-13.496288670494524,1.640665521250971,-4.136660999038253,-0.2232193337573969,-0.0977937562599378,4.39819116076007,-1.2591453571585949,3.920787259694657,-0.31041147365264943,6.952575458384162,2.784351043619542,-0.8142733563346533,0.11768872929430017,-1.405779906240702
-4.011902948751349,2.8104662430849734,-1.2983579057322814,-5.721540446975709,-14.30517227022801,1.2402383464308315,-3.570566752222181,-0.6455900013894882,-0.9237436453133478,4.698283603801223,-1.2863081495090947,4.076535135933255,-0.8343065320872844,7.888759437076369,3.2929682516659655,-1.4265588498087556,-0.3551118317263018,-1.6228613078235732
-4.402536058555103,4.039192353727285,-1.9702621208914295,-2.3134936637398194,-8.801810327416131,3.0975564634083375,1.4078782471871165,0.316224559393884,-1.353787848030569,-0.25131648954038205,1.6311546505873997,0.6381763146316534,1.2867445612466522,3.663193592811159,0.30847233881806535,0.31681377318153725,0.36966735669124806,-1.459600638811844
-2.826707294519354,-0.09097438929421364,3.0147163566718618,-3.190518739141745,-6.321061676642087,-0.7133325508683586,-0.07136859204534574,5.7856084202465,-3.9531023567916668,2.0786585777712925,5.128702070176775,0.5010820537146434,-1.789276322350157,3.231112349077664,-3.641302261692247,-2.636808714051191,-0.9984161439220592,0.8543948966045809
-2.607056704512726,-0.4404552417171782,2.9044060516893326,-3.536877381832271,-6.454550957687917,0.0017441914972977646,-0.49169010484448844,5.816316025587523,-3.907743832573229,1.7627655010071868,5.161124950158769,0.5384588362876139,-2.1986154645200235,2.7067850436680585,-3.840154420193885,-2.9234312266344586,-0.5963805041718017,1.2112363805834863
-1.6575401326596806,1.543210109924243,0.785926114363146,-0.835519907726195,-8.594041445835794,3.569457786861877,-0.25844398147671716,0.3864612054048702,1.0111955475596615,1.61551095696154,2.9478407712062697,-0.6334607120018079,1.3532296485840436,-1.0708748013511866,0.41144796618771895,-2.3721086815218433,3.1821584241119805,-1.0857527177393904
-4.430595100847093,-0.2847377909148865,-2.9920388406983496,3.278315557955983,-6.27289394520717,-2.0262276864998015,3.656470301683343,3.789351143872394,0.569467272100828,4.876708141135591,2.467988643287892,1.96648239003705,-0.4476938394777765,5.10742743887755,0.6060694579092755,0.5939837192248019,1.2301644601237964,-0.7215764945922791
-4.701442836806189,-2.1233160524088444,-0.8633367067713149,-3.027777118227279,-6.856099067201096,1.8021015652783754,0.8152297746433237,4.883769383862573,-1.5207706115776805,-0.39811241251737634,5.901242582377175,-1.2542715817501668,-0.31975547621463707,5.0343741371018496,-2.8630269350574835,-2.128045102155927,3.5139068580809916,-0.21188370326430245
-3.875329583146817,-1.439114385726444,-1.524765095271557,-1.7984106067560635,-8.157145094163456,2.068342368537639,1.1485956902765326,4.028998603249469,-0.9241493353060188,-0.34097865767527885,5.1433787915179785,-2.121103594389999,-0.11298989459432826,4.062394102344522,-2.593649885026499,-2.0454501223975567,3.318816640909148,-0.5587144273339948
-5.126366906560742,-2.426871349002436,3.1972734655260098,-3.5711684059541167,-6.932708593689968,0.9381117326112859,0.4343332799687348,7.8049060273211435,-1.8427741053789126,0.14442986959238865,5.880059872574098,-0.5993204023266017,-0.6523972930901607,6.191237418993147,-3.268421923338979,-1.4794172732334059,2.6973784027984524,0.4845679906819941
-3.1598635179124273,-0.7733245893966038,-0.5875707736969373,-0.2506711189142896,-9.529289572325707,2.1878253692020198,1.9020679799569409,4.270753749692763,0.12198491696409564,1.19218540793378,4.369540594522916,-2.597785955423956,0.3723693328781497,3.2698603238708657,-1.7059528530629282,-1.0665151910030366,2.280464628345128,-1.0372617549966323
-1.3729428206189904,-1.5880118995404995,1.0632298612079867,-2.514127489339707,-9.046305419263343,3.466810859429186,0.5406211589875201,6.365364382798411,0.3807222499003004,-0.7009977425111908,5.909494318231021,-1.745812859186502,-0.8280910163362092,0.6758795182979829,-2.3233150608000877,-1.3626279514102873,2.010896891492548,-1.4818916969726523
-0.15230111238567667,2.5692015281871603,1.560021491101598,1.693677346243883,-2.1952609624010506,-1.6107267746209761,1.1197340514582195,6.926622824534926,-3.001028198686466,2.5288019141334828,3.2484333509231518,-1.1252309836030894,-0.9361905647038493,-1.1847714675650143,-0.49860911948381603,-2.4839422291872286,3.077407276027798,0.8561026242397055
-0.02559292495765142,-0.010041507673742012,1.5557358728069743,2.149037913440962,-1.0367186809459337,-0.07999060347981651,0.11507842399321522,3.615012769972388,0.23541922797245635,1.7586585750411086,0.49642728269613445,-0.910714973470517,-1.926869687681349,-2.844697269776936,0.269026395070608,-2.921091705555708,2.016203797737776,-1.3499964713697863
-1.889055310923574,-2.4027781623896525,1.3996371957340878,-0.8851520272422468,-0.8941022829165728,1.5787862492284475,-2.3548641976935234,-1.3759099006204836,3.7504424484023975,-1.5791703589564285,-0.10987015528468158,-0.3952807816182473,2.225112617607553,-2.1114469356329173,0.30851010936845313,-0.17055840302668962,-0.31715125705375724,0.9829366422468495
-1.2490190768024485,-2.000296825737645,0.223795311831315,-0.30747797652481196,-0.6461468845412913,-0.2784989486966851,-0.6626181156765509,-1.2429643800444734,2.8939324187529936,-0.4844952956335826,-1.8492387581756606,-0.2911750964298185,1.4020980085520485,-3.0224031892570324,-0.3387931435980148,0.02290831717285924,1.2275410100504083,1.4002249358470538
-0.04889205674584063,-1.3998946504696899,-0.2651589264226162,0.3190007451091462,-3.2988104303252075,-2.263157348006693,-0.4747127790119995,-0.5384653605186218,0.4617037461207618,1.8488162846759386,-2.3961724547974654,4.050238350368093,-0.8648579996526444,-2.1756950188398694,3.335664132093071,0.48104302286852524,-0.19616594711160174,1.6109546275194637
-0.8946480290144461,-2.3542577979448462,0.846364805290196,-0.6353324325120286,-2.333192498790922,-0.14447003806631975,-1.0484616726857257,0.05010150519139911,1.2949090464146504,-0.15919101019034443,-2.833911024896988,0.10184228533748207,0.1743466311105485,-3.7236032472391782,-0.49213978412251214,0.333968905961209,1.668568790807572,1.3076046962342125
-0.9601742009388439,-2.7116200455776944,0.9895334629322681,-0.719893023674089,-2.3455777747778623,-0.13936712533313822,-1.0353791648800317,0.061338696761306766,1.4902318890947468,-0.2401383597575466,-3.1913208812727665,0.13485176226774287,0.4335579315216299,-3.4865353692211403,-0.6156166987964469,0.5581806641025628,1.8564906276376294,1.3476422861040842
-1.9400441548845937,-3.095050742666384,5.1059730207277685,-0.3365143795979364,-2.4969682457576106,1.7417060457963816,1.7226038752080672,1.5319073716293194,-0.05643692811019235,-3.139960066350623,-0.7453214765968846,-2.014649084160734,-0.9012615807551251,-1.5171025951325154,-0.019478279857591874,-0.630549564083865,-0.7726787903413029,-0.5139587059577654
-1.089523239784776,-1.6283451300386158,0.6210774139460002,0.008614759429886765,0.2776555899376484,-0.24240312259502533,1.550871355139438,1.219765937612464,-2.2249811725319337,-1.5063799331196455,-0.7495138750844531,-1.0555430235109813,-1.4344251697561528,-3.3551944761383705,0.18889820373339944,0.06183998176847039,0.548342672624022,0.3499289685827426
-1.0411196262089553,0.12543618629688202,0.24122394185135243,-0.7297339276557373,3.969707114001937,0.24836272918890545,3.5873064899900444,2.138356198124956,-2.8305742994828975,-1.110870049176973,1.9455600416899443,-0.20845327049018825,-0.23486789292365745,-3.1513753883415774,0.5615030253071202,-0.7110614090218524,0.3492494231663854,-0.06536559871864989
-5.530798664830602,-0.2269341677609349,1.4904233586018603,0.5552074757197882,5.178261116646765,-4.046505513654804,1.13785930519947,0.3772561408591477,-1.0694529246003064,-0.9581472899824286,-0.3026955085558769,2.4241218782335507,3.2465772496753615,2.223710596535767,1.8106132445070968,-0.24089844231288643,-0.3471473121328395,-0.5721267587289494
0.4214506841113572,-2.2090607967558458,-1.153369674841406,-2.82061011226952,4.936488287512817,-3.4091813124807735,-2.392207066485529,-1.12013913589388,4.006788001138033,-2.1870549850788796,0.6149554770988274,0.8830468666587905,-0.125369963938038,-1.4979344760074582,-1.025402020991618,2.202502403545698,-1.0368748593424262,-1.1651763498551908
-1.49196807799994,-0.24984431128758977,-4.433739449708513,0.4695409861014299,0.7555217807787904,-1.2977777348879938,2.6541090621327736,-2.952821877997529,1.222167757350576,-0.8033179233579378,-2.6820006238229626,0.020292868761236926,2.558834045064512,-0.5317783921931367,1.743092168269744,2.037307637275756,-2.363496463977971,1.2448219948153012
-1.1516411354247922,2.692864220992437,-3.6151625083438823,-0.8422691071268917,2.1911224533972797,-1.008523761297978,1.0621489306871552,-3.627320710102076,-0.8452880843165369,0.5512077844462522,-1.9231137038645145,1.6010118823578972,-0.34303999333204344,0.5205978363992211,1.8100103887423988,2.356190862361964,-1.935762772236166,1.8222303662064796
-4.453561824427713,-0.4085469957018084,-6.44476577897895,-1.6560162742021065,-1.1580944014205825,-4.101540116084904,1.6591809276270157,-1.836715234653669,0.5772759338924891,0.6741514405719793,-1.515334584643915,1.7373384605049083,1.2130206024290509,3.6875577363952914,0.5645677461731502,2.4975678731200563,0.13041605044992455,1.410634309384658
1.8249195254233916,2.3708693464391586,-2.579742297086701,-1.990178004553702,0.8147699174637689,2.0132173012033796,-0.5936500962910269,-2.9894452075240694,-1.187829837540642,-1.3266010719896233,-3.0968654275677743,-0.6550042533511635,-1.0799290218785134,-0.563012161510251,0.9317384280323996,0.1793355301316122,-2.8559455655072856,0.32424619629776297
-3.7665600630024683,-0.307055905880681,-2.093281601934936,-0.4246391741988388,3.2016814528374984,0.37170119128979395,2.1112294863342287,-2.239459088780403,0.890561761535992,-1.4870613457927704,0.1650371839666942,-2.100181186443711,1.1542862324146625,1.1159996110279469,0.32870617539216246,2.1072574523058303,0.01410447295998768,-0.3576837574019471
-4.20175366449709,-1.0507423270256753,1.1847319056498402,-1.748772272116214,4.499370539209631,0.5379574178756921,1.6583453554486145,-0.4244893457858555,-0.7208768486706856,-2.95815107049329,0.9060926420882411,-1.3205773400413814,-0.37961643464840444,0.8865641045497235,0.4459097389423292,1.0869029007256874,0.7503516958683608,-0.33672545179209035
-2.6356474870784012,0.6725852152211222,-1.5836739935565336,2.7615836098786173,-0.44991611715194146,-3.125290636543143,0.3617130489646948,-2.338719917358172,-0.8195850614500488,2.043194868815886,-1.6969254255308412,0.5240332063429969,-0.26570852968377945,0.60107127786931,0.7379698817593427,1.3133331461907738,0.017367940790007586,1.898140240045585
-3.2525363837235526,-0.7431557432905322,-1.2945401862312362,-1.331844494972315,2.486955499168628,0.9987539166015218,1.0868151921595264,-2.0148107488435167,0.5212590350268804,-1.7928764908104342,0.5815121479886042,-2.2514884093906,-0.03988714632824597,0.004236745405571785,-0.04948658666942102,1.4420921260054507,0.07983287307271647,-0.2478718653253208
-2.605257289187308,-0.3357159651646884,-1.9568592986075095,-0.47982507945285313,0.917472864543243,0.504273206855326,1.0585028217509644,-2.498391021029293,0.843347435512952,-0.570655990973358,-0.055179441596629214,-2.168175653946916,0.08271797187732216,-0.21699626584636492,-0.3126168700703807,1.7253718485428315,-0.2829467904836176,0.43213455466668593
-3.8568530953085283,-1.4830044625788477,3.2514206289606156,-1.579468788109041,3.732254982009324,0.4396149144710647,1.5931339560947284,0.4923496064290293,-1.2721305401242633,-2.7637925706424933,1.3052736836743761,-1.3196635065971078,-1.4844596320327907,0.9010352736854842,-0.08329042812731757,0.7295296625150928,0.4547922520942449,-0.2947061090032433
-3.6748715589754606,-1.4926793530619271,3.3727169690580183,-1.749785566191255,3.3810614646687114,0.6939787489516916,1.3569175788525987,0.4595036102734924,-1.2284079212828072,-2.671405803902714,1.2188203104679172,-1.2496566768681623,-1.4630937247661617,0.8313969219200465,-0.1720362108142754,0.7022698299677749,0.41202788338317464,-0.15426247053017167
-0.42753748553920223,-2.0154119225600877,0.7546504680734719,1.9580188422005405,-1.8722804605050212,-0.5547582504818647,-0.9440808188059231,1.3440288513272078,-0.8763787176702715,-0.12017065829371809,-2.2137612469921812,-0.5189879206949635,-1.8328392389801562,-1.367638402614102,-0.5940228243668468,-0.21516703070518778,1.7291065946665367,1.097296952136317
-1.1758909578429173,-2.835743325281012,1.3523792853742136,1.293231962911348,-1.1878263171278087,1.876566692541643,0.023887814398481283,0.19816061798369786,-0.723772341961281,-1.53991582713051,-2.452520780335586,-2.511589043765932,-0.728313733410779,-1.518528270188098,-3.1049474769361036,0.09796317897316553,1.2440606038375697,1.3472071923647753
-2.2081484637553346,-3.2362478958768195,4.404038326388925,-0.9438689641248452,-0.7486291939872284,3.381884320613018,2.65969962611535,2.2664370318744034,-2.3083164240914402,-2.1810380871010344,-1.0205138214219516,-3.0810819211689613,-1.907117330698549,-0.1972712455919995,-0.6858245757660715,-0.2644745965403903,-0.7543878100285368,-0.013548419602061157
-0.9101332182874811,0.8618522754541975,-3.3327957451587755,3.710946650355577,1.5778944261783376,-3.0667914404904275,-2.1142467008867034,-2.2886752116942874,-0.5764646266686408,2.963751314808052,-4.415926881056498,1.7256503584509408,-0.7910365843756786,1.188638399096566,0.6181081763457648,-0.13540409433659906,-1.6550891048738925,-0.3636614900306033
-0.7186209942049023,0.023700158677742417,-4.024521500648242,3.613971899583195,2.458843185895574,-2.2490085097038826,-1.4019524703452844,-2.483042117811104,-0.24518070836611505,1.3060905990182787,-3.5994289496708616,0.11947336698426247,-0.18476865065253545,0.36358696578671224,0.783884492888498,-0.34310166292447775,-2.1609834780374033,-0.5995506454261768
-1.6081739848056582,-2.4186711789440456,-2.249578422539355,1.0154967770524506,4.166577897007066,1.0131558325510346,-0.5406871333273682,-1.945989650665818,-1.4470425382232222,-1.761026438024365,-1.8626959735768158,-0.2970813547950575,-0.7922177999335874,0.30701614102141017,1.6818103830690645,-0.11308468116274348,-1.138364515258238,-1.2260047467621005
-0.8651759747235737,-0.8779842244356935,-2.9790891690683887,2.62813225441607,1.1474438179169633,-3.2842802063268026,-0.8352029414128671,-1.008218511052247,-0.5587962029028632,1.4405312192973323,-4.117713089916306,0.897768375242882,-0.6785560593365363,0.446479669631505,0.6787006703111406,-0.6324804256424319,-2.5191413082244263,-0.8951199795311343
-2.180485429748941,-3.1136026374019385,-2.7239361875100654,2.01719975697259,1.2263761028647717,2.735484207037951,-0.17484382551532227,-1.7123939010175582,-0.900201077162972,-1.1074791093661278,0.09807488676172749,-2.8568714806201907,-0.7344158226840501,1.4950157368257575,-1.0534732604803745,-0.19582276321955663,0.15010149399118855,-0.30739105212006
0.0456219954416488,0.9594894222753155,-2.329442141270641,3.8465959285509896,1.2167397430332538,-0.5373865901032158,-1.5746281229629326,-2.6551337156508175,-0.1415010316420194,0.8640138041185794,-3.871929044746939,-0.5366263615361198,0.4650197475203129,-0.8062882783301604,0.10555498309341327,-0.5642929152406956,-2.106777332161163,0.27257087721029816
-1.4889149215130595,-1.9645937392614927,-0.3101603175795784,1.0764217339995896,4.280380379109055,3.4417247294687106,0.14971690253786918,-1.2322868885897937,-2.667816579711781,-2.0633048917290444,-2.5283336727212897,-0.7631034587117675,-0.7462551278264313,0.19679455623328868,1.2433041176626287,0.375663594586,-0.9144632357584622,-1.1378163638418455
0.17892360599466006,0.3460744020999772,-1.9737855558016348,4.020921370175069,1.6949580206397505,0.2615475045814471,-2.793567369019126,-2.68904553746826,-0.3306674638002702,0.5646232152964932,-4.025651950586546,-0.3628761547838205,-0.4327890002514419,-0.6893009493242359,-0.3981105440343331,-0.24879158486734473,-1.979730229373342,-0.04514319448500309
76.105725723924,-19.209683687151333,12.52703797629838,1.9357545449270699,-2.4687945604993047,2.2249723460178545,5.2490736128817455,21.268671017538864,13.309805157781101,1.6615597150103643,4.972668837086765,4.425426501921086,9.415979585675629,-0.276551818198957,2.459791231735869,-3.037524177028686,2.2984868034574437,-1.5044586761918466
-0.5843710266622164,-2.194341733934161,0.5767656152752413,0.39663849413249574,0.2695366927870848,-1.5884965420817863,1.608594797525789,0.8332596379485245,2.3849161554835723,0.7761853736200482,-2.977205495262756,-0.10470701866809347,-1.4867865471770383,-4.0273903529658694,-1.3251928282250247,1.3668516304681464,2.099730265243642,0.7361343890751492
-0.6398160404857273,-1.2146108457763634,3.865589825188205,1.8328852688434496,-0.05175270613855454,1.7121687797571803,0.41288672203169824,-0.146242112329367,3.074852723318145,-2.155257414803351,-2.5706649146777414,-1.5451216984087643,-1.4118668468288642,-3.059367902316053,-2.529304530107969,0.29457525226006953,0.8953341307294242,-0.16664461876086387
-1.2486902596729865,-2.018838686101622,1.4797165733441515,-0.29621472632762236,-1.004431250163966,-1.670189352792069,-0.4346829517494024,-0.02479383895809295,1.709100286133461,1.1185337930309935,-2.8090678630234147,3.1838163463979576,-2.478767393260454,-1.5024006300272494,1.591778127453746,1.8287342344118884,-0.8590054913158934,0.7755218602972551
-0.919544834474061,-1.4888095484572255,3.0002056371839148,0.6548264459999034,-0.4438236902081253,0.6108470853134802,-0.42403533852800424,-0.4815633936866981,3.3159549531491592,-0.8138785209269317,-2.6417923618369414,-0.4338115542583307,-1.1287767705309855,-2.6848048558058166,-2.389668649566602,1.289058453885131,0.7358067140987608,-0.20152315173821084
-4.644770548770585,-1.4454474507186603,0.25638931859250474,3.089413003484834,4.099826699520904,-2.4531965599347085,2.346040841742152,-0.629327052237767,3.9072393935631924,-1.09625802613282,-2.7694625817100853,-0.29335470900306765,1.615203848218119,0.6481159391582271,-1.804231658980462,2.3684548848524276,1.7509478135763177,-0.46616449909128244
-4.3312226169787875,-1.4826116514177143,0.12223682276648573,2.7610461301522404,3.678008517502043,-2.502075596583555,1.9890554645835368,-0.6960538632283235,3.8010294196728474,-0.7000062580623163,-2.896544428764658,-0.09647907308219028,1.2782936560964604,-0.004902029138594277,-1.6900391379055484,2.207185119882321,1.8751679163922435,-0.28580180528467103
-4.288834019025785,-1.7080154233094345,-0.22321049892290062,2.6562214185510467,3.8904456345650433,-2.2640250601786294,1.9119831476803872,-0.6597799551439446,3.4558794689975123,-0.8527480677698651,-2.9680172974347294,-0.19471806725013924,1.1863288621501245,-0.1263014579134054,-1.6107372471570358,1.9794596306097079,1.8745897618148035,-0.3588364419835286
-2.178820468052074,-3.3986012703713318,1.894793903789859,0.7884011113477578,1.6045843005184706,-1.4613093437245381,0.8690872449355256,1.1591684570476004,4.011550638354999,-2.541492040404804,-1.297707912786212,-2.080857756027082,0.016819404494106127,-2.0405574253053262,-3.5229179905445576,0.663095370180463,1.8368035323669365,-0.820267648038906
-0.015872551250222522,2.3196041119494546,-0.1440285398075194,4.237710189036276,5.4933411973548845,-3.764556255330678,3.172062612589707,-1.0064254716189323,0.855591623374428,0.8410317305890628,-3.6605370069394763,-0.13697308061642208,0.5778655581311141,-2.4664056265822523,0.23460652515612368,1.1726282985944785,1.798643461394477,1.836327155629632
-1.2390941062770102,-3.515511505689082,-1.8048569254277962,-3.1665483114177215,-2.991648260925031,0.22083933682753587,-4.0322660425601455,-1.9615400568000751,-0.6835434834481386,-1.9000907062689725,-0.21314903701336763,-0.9201029390159587,-0.8652167273925446,0.4602388255166391,-1.314212938769002,-0.5965078602764435,0.2923943251204408,0.09091339304990806
1.948234690421515,4.766118388845019,1.3863658990977665,-0.5376835923066964,-0.37694150869638676,-3.0393939355419657,1.292784849100662,-0.05767830029647936,-2.951158948487814,1.6807721502327975,-2.0712389522737005,1.940613396579186,-2.120234622490333,-1.66429659234572,1.2548267167364244,-1.5272944901933247,-2.990360529967856,-0.15037132587473884
2.218736950677569,5.221458848420472,0.43694031295651525,0.018715169177055513,-0.9234926496774045,-2.7025838060814804,1.3895216706417506,-0.7029484213004555,-2.053125636258548,1.7678770770486065,-1.9527566590912622,1.466420315254061,-1.4954719440192568,-1.9985114514166415,1.1859668775365937,-1.4654714637805963,-2.92620982591759,-0.005044475063678236
2.4059244151798964,5.058979657727271,-2.3710076311165476,-1.6694058101744278,-0.5631598681196582,-0.7123647315656028,0.2524449442507545,-1.0312781423623698,0.12373842504857557,-0.0805090969317074,-1.4527556599316227,0.2767374558023077,-1.3496539811446842,-2.353049572920043,0.5435481010382625,-0.9124848476312488,-1.7879644010084979,-0.07759225272602882
2.642385352179374,4.876896349336908,-2.4471104469464606,-1.9807064589583914,-0.6904611521106636,-0.363203948090991,-0.20758634096933126,-1.0788437347845359,0.0770072421188972,-0.2547024654235734,-1.1265338827181797,0.2165743325255926,-1.65939976522602,-2.540546180135871,0.40087047631269757,-1.1125536257292103,-1.8650077082956833,-0.1854787915929042
-1.5597501403184344,5.7353238648945775,-4.844475332973023,2.0094877302897594,4.872802598852066,-3.9130125948195187,5.03536498247542,-1.1810113673470968,0.19748946464578365,0.10001410049315694,-1.9335547646902294,0.6612163785402315,2.3417712837548152,1.8399144148813324,2.1660066394384825,0.4921704561765019,-1.0683961503651502,-0.6095219505999308
-1.1854031732476926,5.8156928295020665,-3.554144324170567,2.450388536007818,4.078550771351521,-4.543597784136988,5.271223186212172,-1.0406709756776746,-0.4895375059606635,0.9649470091445462,-2.0336631291766487,0.9189463741098404,2.0007708473713866,1.580769410625361,2.3144114632184873,0.39634544059923216,-1.450101254758057,-0.6254412881094935
-1.3608809402353157,5.225935945580753,-4.830851049359702,0.49816864361371627,4.879954259831992,-3.1873326169153944,3.749841043007428,-0.8638264650552377,0.5582339505469656,-1.0534635167022395,-1.5183954302024147,0.4979823092286306,1.778936785619157,1.0836472713219627,1.6421790210747598,0.2839028977251094,-0.5911130612387644,-0.6184227646961153
-1.2620559298048435,5.115052759742219,-1.016223477080593,2.2501212675758393,3.703081892257054,-5.025753024792776,4.684113846294107,-0.2221991263997285,-2.40123641846652,1.2529070595809886,-2.073361608879654,1.9775919413401177,0.8170882129478682,1.1391912714885626,2.542311023908411,-0.546264800718201,-2.2684147259590217,-0.3196578520755182
-3.847867364745601,-2.5744345569006235,-2.041465903254151,3.4924345792681635,7.082275024651363,-5.424573875433923,7.808920954680657,1.100065253430425,2.6508014822139865,-0.6734616882641464,-1.8146285104767113,1.4041838246533467,5.945054206246928,1.809518370048684,3.5526492703621857,3.761115527263962,2.37755178410877,1.3256502248353605
2.3906517375207033,3.031032781229903,5.8172005291690265,1.8267482292682016,5.042919405040152,1.5299062605290574,5.462613526502246,1.72667398029337,-1.1155233884352591,-0.7314197638090691,-0.19039795816242266,0.8128237111508767,-1.2362438998816199,-2.3813751918088286,0.5816378137964031,-2.3164952528075458,-1.320904124315851,-1.9058385651384682
1.4319643793554044,1.3518537565598998,0.5477695606559916,-0.6496626097467866,5.263108369736714,-3.8919068422355068,1.3031152622064097,-0.5415487375977481,0.6043940006875862,2.410523197750871,-1.3363321867364095,4.45755034694568,-1.3606574076919138,-3.079559270055039,2.4285796116038645,1.9379539418466656,0.8371436037753768,0.8862419802211656
1.5376455268093983,2.2100759141128337,2.1269956565293158,3.3821067515069623,4.511769786123847,-2.568854627630836,-0.09514603726465909,-1.5793518159678122,3.3228804235140075,-0.09171258231781687,-1.6498902512792233,0.0020935138983274593,0.0790305612433741,-3.5245004865770704,-1.4588973826444493,0.12242045840001775,-0.19344669287767513,0.3958998897116227
0.8658926742319981,1.3534115194978158,3.4631353015468394,2.9904006465690136,4.343883478798079,-1.320923824890271,-0.20100624408090706,-1.7812151618930137,3.807827803968051,-1.5289845055427203,-1.8937080657795469,-0.10529179380114728,0.6285172837609142,-2.9821185720658687,-1.3699874245003032,0.3759442595950213,-0.7737125906713817,5.5187105163126415e-05
-2.2503396540886813,-1.603631159953857,-0.9942045129112362,-0.8373000522281704,0.40255950978295263,-1.4209471079747609,1.7404076431082363,0.3356977320224329,-0.4449850403942107,0.6761786817436639,-2.8792336417376445,0.35212366954378516,0.30488564424067105,-1.653518935694795,0.5464980475000706,1.7598183101169513,2.4705911583264273,0.6813817792156581
-2.9487718887746097,-1.6584658449435796,3.9294811821177644,0.5220844133444952,0.7688277094017304,-1.4659813701024282,1.4004867118742883,0.7593112677938729,0.2226082747216167,-3.7668606341324975,-1.2552759757175298,-3.431809691701476,1.1573030300922953,-0.8695833695379207,-2.322269380860543,0.06635454491191739,0.8656938141207651,-0.03710076322434441
-2.954350378588801,-1.0488198575603351,5.178603857788776,1.4876424306295821,-0.8978301196859899,0.0031038651082937463,4.4258620059338964,0.9172522195596339,-1.094814819869016,-4.837515767093219,-0.39507739861093516,-2.995205289757572,-0.8708156329766892,0.46793359667152434,0.11286305037583211,-0.8402951827874015,-0.6651346031203289,-1.242861530157277
-3.2143039119608776,-1.525935430583254,1.0324654746941175,-1.4382518590384035,0.9620972178687499,-1.5091749692386667,0.6425727442839297,0.36480971632301923,0.08189838736590915,-0.7415118266479548,-2.927489417264094,-1.1914703256169474,1.9315652575351323,-1.775272605516461,-1.3483016329056974,1.507663518211862,2.3541405849691244,0.40427909662518735
-2.9318821346057176,-3.4649078535603275,3.9069994765998457,2.3619441266104486,4.10282485573189,-0.90214993995402,2.379183916863023,0.7518488929433301,-0.11971485767204126,-4.4910691045224365,-0.15095671709979042,-2.349068693266919,-1.1474983572155177,0.9631314682364736,-0.904056031116739,-0.7337478557638863,-0.10797187511346061,-0.5856984474409055
-0.8093685532334756,0.4014531100946173,-3.9950349960072256,2.599964490836842,1.0037959125458618,-4.490665324830706,-0.6670960455287522,-0.31432877198168097,-0.17162236563941452,3.9919227521087377,-3.440182599788071,3.9028772282820885,-1.2930741415236358,-0.21042157264343453,1.6329365279257393,1.3577986813396712,1.101060607447945,1.6196210398586515
-2.389150947197219,-4.500707723221214,2.7350293669512915,2.2844379318846597,4.734116027473735,0.9318649757930777,1.5298314373795807,-0.3888797602422862,-1.8531596946763762,-3.7929004987405213,0.6315101991002318,-1.0236186390288644,-1.455513183416442,0.9180351000035772,1.18789121793927,-0.045440688736153034,-0.9445192308583032,-0.4352856705373416
-0.36568828044742147,-1.00654628905173,-5.70692256503307,0.9077568964283776,0.588336013559045,-1.638452245027195,-3.3958374009895174,-3.4426054349682267,1.4843617672266651,1.1279379344878178,-1.6276383437954993,0.35843681772479274,0.4685648251730681,0.22880678252568187,-1.104362584168047,1.9758415570439574,-1.36496689920567,0.4886553561983127
-0.5362023792513289,-2.575687327768955,-4.066458434027025,-0.16030882587590578,2.0170463635044134,0.3447651664560538,-3.9115647466876275,-3.6221390682824754,1.0876186320321537,-1.2892425975984898,-0.23383548074772886,-0.4767860748666889,-0.07931249519379496,0.6957448055748215,-0.8896867845165664,1.2626343957693567,-1.742592386571613,-0.5077006354946669
-0.48102428128175456,-2.5043394476747656,-4.258937151303562,-0.17534556800248277,1.4208334651418622,0.32850501487497885,-4.432812986701998,-4.023911310013456,1.247139805216172,-0.898425902579138,-0.4414739201388441,-0.25938339264911114,-0.20255096256254745,0.46663270623920783,-1.037094415205487,1.1857660317763343,-1.8604876808628772,-0.2666523419149997
-1.0511213336078087,-4.728323864623562,0.49662205615877153,-0.5984602726565189,3.7231827523757195,1.394539247796767,-3.2305537730244414,-2.565191020257033,-1.7563691429329635,-3.062705962917066,0.9288552496196448,0.14266946835067268,-1.661323505801494,1.0887928321587688,0.16123558677671496,0.1860062082949976,-1.038433965089751,-0.45406251573920964
-0.7897401808231065,-3.984288280136472,-1.0762875781956456,-0.8824991239043554,3.4895629077063064,1.1665189090066121,-3.5842851837302354,-2.6396715612197057,-0.7589178862450235,-2.8924033226581205,0.8432623824896847,-0.007420743964527431,-1.3716297069234769,1.0965211417332357,-0.09943380064786728,0.3582397108604185,-1.2012096173594464,-0.8464998450819926
-0.4319354963950938,-2.5199393471189264,-4.377927361026886,-0.48409533971080876,1.501183560757881,0.2598540647493517,-4.354841689802827,-4.162521422282669,1.1601760226039557,-1.0040581544028695,-0.24795640889192372,-0.22403677460549343,-0.33908803129961357,0.5593775600747274,-1.0135102825735065,1.062487237053388,-1.966076596241053,-0.5295737480232392
41.456203652494125,16.885509581741168,0.4633143858223603,-7.166947689064555,11.111350604589955,-0.1012828735984308,-10.364242586535518,-11.354514419365644,-9.556024039496045,5.543582135418616,4.613050457344563,3.7124875124284857,-0.29297022964963215,6.609279858346418,-0.18319501066702046,3.2778805975423566,-0.7654410837565901,0.3478905260131728
41.81436393233161,16.55548190471034,3.858107269324695,-4.885994092011561,13.297870358747488,1.6255038424779302,-10.24757576385355,-11.969388932087845,-9.706723933017622,2.767473926976953,4.514446978601337,0.3705718074569667,0.31682266043558815,6.331851404183359,-1.655989019733689,2.0682122124697013,-0.39066803813693685,1.9066592291282474
-0.34148297890307444,-2.002025283473986,-3.055160917518829,-0.15500709301257587,2.935081490140001,0.6861199866430088,-3.262729677033837,-3.747993494810912,0.18023028362142435,-1.6490426786626673,-0.7310729302508383,-0.9277618473027311,-0.8569271611358757,0.7668308989384502,-0.8689566445118959,0.9233313395462543,-1.3128066802803717,-0.5596181991369801
0.5329412417084314,0.1525977603533947,-3.592581973610537,0.6581484622402236,0.6533519321864001,-1.0702867374763874,-3.2277080032593752,-4.527321131672722,-0.005396489878074728,1.3308029900455667,-2.9733958894705115,0.2312099922460742,-0.7475803558343862,-0.00944322589229668,-0.7003774560822587,1.388372712745365,-1.158006601011583,0.4756645574133902
0.6067506538081789,0.8308784820743886,-3.4698792037840662,0.9279446225739345,-0.12390172224918039,-2.277506847783678,-3.3759676272225807,-4.038095034912694,-0.9448007479942644,2.4479463466779947,-3.745247530722269,1.5949658888078588,-1.4169012843570525,-0.02571740154162383,-0.20694751880556161,1.240036646531316,-0.9700123661227752,0.967096860226018
-0.9584799717823826,-2.1843789352844736,2.627589850363421,-0.6641755045545543,3.5895161413360688,2.0952851887996906,-1.4024335043041054,-2.43357209386512,-2.487943733142377,-2.420016202897978,-0.8870376537241341,-0.6554112626097798,-2.242619182886202,0.7727809665731459,0.45055978700604904,0.20117296663993267,-1.0366086216616308,-0.13233593041694858
-0.899593399838233,-2.075956352199483,2.7514433444034307,-0.7426682098150539,3.554163835283407,2.179540335054108,-1.4599308780300642,-2.553547833161348,-2.415837411135742,-2.338196778628852,-0.897814766976316,-0.5708251452530233,-2.067928741485386,1.032823813589241,0.43219788301158796,0.4925948136186985,-1.1818636435528425,-0.3488012094749862
-0.8121762585092556,-2.014746166837157,1.177667012298512,-0.7505791889676845,3.3645208922816088,1.920745410460733,-2.138157312070159,-2.925760162508466,-1.6029653905756422,-2.420224319905436,-0.9419769737019491,-0.8137480184607084,-1.9022518067816607,0.6330573338574994,-0.0524927667402966,0.43165365771338504,-1.0250372204580955,-0.2937917050641409
-0.11933938132350641,-1.422423519392011,-1.394358222730698,-0.5851321480153997,2.109591990167362,1.2837588856133164,-3.2037412616076035,-3.9797371558524195,-0.3372880146640818,-1.3160248628958782,-1.6648529443619215,-1.1315423919534817,-1.4610389846888614,-0.2584176025732094,-0.6647228694908967,0.6025951569748452,-1.2485566245779158,-0.29605320632326126
0.43224197324475333,-0.7093266792911858,-2.296235482116046,-0.24278224486748043,1.3767664435764027,0.5070285045682141,-3.251927258499189,-4.196812038735733,-0.06598760954309157,-0.3511583662685923,-2.1663409381665906,-0.7981916651831362,-1.0024087344449677,-0.2801375991469553,-0.8362462008328904,0.9448462607452722,-1.2385452387411697,-0.06840201597068996
0.5512157201293342,-0.17341755171514833,-2.6634738455543667,0.02308866277723154,0.9903724594935386,-0.17574197039246764,-3.1043264607731884,-4.395960115417125,-0.12090262102064209,0.40830386499335347,-2.9553391391541477,-0.2544746345537816,-0.8216967285025376,-0.01237702208211644,-0.6195842311834476,1.491262747463971,-1.3522631540902326,0.20350157938689364
-0.6053897273734217,-0.9326486519446195,0.2885038094055359,-1.1414449243130356,2.784355233138306,1.7290921471459564,-2.1052536342486796,-3.6040847608706,-1.1002259622837491,-1.793373692065669,-2.256209498408566,-0.5909599455502828,-1.2210037704743049,-0.022496119025776973,0.08581478565199147,0.8915544935508779,-1.4731706145377692,-0.5336092163210722
4.038418607844052,4.396148757245593,-0.6725237706367214,-1.0591450562856755,1.0938993592990751,2.307932074247749,0.5769541116696257,-1.987178878593831,-3.246976818114394,-3.92692004638299,-2.70326801412651,-3.0552254281060236,0.31590331517067877,-1.9383153058584877,-0.06378446277715011,-1.2253805784527254,-1.1169142559479412,1.0975174540110997
4.150529072616526,5.099360841061528,-0.4230049822358586,1.1622059501623367,0.8428106184057704,-0.04998670988951627,-0.35319344411228615,-2.897114535088914,-2.658815501619321,-1.0342461499185964,-3.6973857614862347,-2.1445889360785704,0.40567763421797903,-2.4446605608164393,-0.4906982240178094,-1.181339101023889,-0.6872567624963812,1.6716310086742325
4.451730035456049,5.035860608829951,-0.7497160666214439,0.871593891202356,0.591216123220599,0.5168464734659755,-0.3743322595351273,-2.9467408621847073,-2.5783813799539375,-1.4589678087370783,-3.4075914426822482,-2.513708296441613,0.43920336440643093,-2.611195073494397,-0.3572682229901205,-1.231570227748756,-0.8101928625710461,1.714188844896829
2.6894838484053905,3.623512730670158,-1.2341091275628369,-1.3985218286193304,3.4294393319154755,1.9061629791940298,0.7531562447923039,-2.5712503514899216,-2.61946656861667,-4.068170241743516,-2.2626820962105234,-2.150352404168808,1.0148584856523493,-2.251019308879973,0.7056760511610755,-0.10138758813186355,-1.8325189749812036,0.6421234366415075
2.023676560046499,2.719677716531891,-1.3045634505592367,-1.098020751618216,3.059787858949651,1.8597577794447395,-0.4242282544697605,-2.903954448843532,-1.7243601145677057,-3.647876209336234,-2.5604675216915904,-1.6493744929776968,0.3829123217094295,-2.158486353199449,0.794911817751865,0.1494744774363428,-2.0080596297714246,0.7786907319605908
-0.7564785407918334,0.19342524065841205,-5.183995887362392,-0.49128611558664237,-0.9483711378777168,-1.2612325811023268,-1.3880805683545083,-3.3403479758145025,-0.14623270019254747,0.7181571012930735,-1.620431063553239,-0.4037720166739087,-0.03211516687846261,0.16539740165764094,1.31913737453091,0.16841724249433118,-1.8330323719889299,0.5005298942523642
-0.7147764842560429,5.168316800267985,3.732996475342465,-1.6757097709437334,2.877690380752962,-1.9489569630090862,1.221137746553345,-0.7398042444806391,-2.8569420637302185,2.8668355862018826,-2.149227525505795,0.9217044635646658,-0.6736604540385559,-0.4849712541429093,-1.49231417103777,0.5910886576661993,-2.2676948701945916,-0.9509337418575362
