0,1,2,3,4,5
-4.031497836628842,-2.6629202054634336,-0.645919444764406,0.8936556384865817,0.6450908727737368,1.235188029167277
-4.461345706743272,3.2742937585042844,-0.5328756424521142,0.0011079763313484037,-0.5750338450058329,1.6250626486034294
-4.343007494628004,2.7493753100044818,-0.6187661280994916,0.7916284932908182,0.5214504302587134,-2.035297920779861
40.17023716702005,2.020804713373991,-3.7907445061924383,-2.892646262679838,1.2818096142271092,0.6388107559414002
-4.013179530749855,-2.8848085929253817,-0.008978874964513883,0.3808869303090707,0.34087381885447343,-1.040618344363033
40.8054820475584,2.285495252488401,-3.852079921000639,-2.2956153096776664,1.1569294415291695,0.45282711297234446
-4.07480893839785,-2.1748119029428064,-0.2551508960408165,-0.21371958236612953,-0.8067452578872705,2.663605518537041
-3.986620755011562,-2.8701616889921318,-0.45744992609726887,0.7623184723132557,1.4995853149266938,-1.136010903618006
-3.954646164961476,-2.8028991540915316,-0.4265593560212553,0.40943640057010433,0.20268346168684406,-0.6501951587502539
-4.632089953254717,3.512647025210819,-0.5447562246860751,-0.15790016548959462,-0.8231818996166455,1.8485023096949553
-4.404607763119386,3.3023831149710148,-0.9783540136089202,0.5602362936721847,-0.3104119926106753,0.1440339113577963
-4.512685084797843,3.3239631959605576,-0.5921529248334586,0.5276886114318777,0.5754968598576482,0.10702764920488746
-4.101266339968742,-2.0597930166406497,-0.8288454639059072,0.7922273709578707,-0.1247411993593191,2.7009785315862924
-4.503793887634772,3.4424317869576635,0.07105418703147745,-0.35820851843599066,0.937898565486623,1.4214134654508206
-4.04743443809915,-2.8738138034649103,-0.5690772726968896,0.386386596373387,-0.3323647758221084,-0.741609857469477
-4.415496751415326,3.2581430571268233,-0.39622008210202053,0.1534796501165554,0.22670008184337687,0.12370149081937606
39.07760117187412,2.3552544294394755,-4.173782041365044,-3.4490807767669516,0.41966057008959545,0.5366605399869924
-4.129750498877073,-2.8657582611901047,-0.1369846292334539,-0.4504064415178832,-0.5749181841080176,-0.7839490372974337
-5.3320320382099915,8.822352149306553,1.2354644255538931,0.9865995967323706,0.9261649080612482,0.985134647140278
-4.355744988293994,-7.544093015555233,0.8844069433190821,0.9583193181064491,1.3488117696213724,0.6701386826786948
-4.55486003680258,3.0095690910449804,0.06322750048131714,0.25610903981635813,2.255273610339987,-2.021688037466002
-4.376700190459829,-8.633375677664672,1.6109028843571078,0.23156917101531493,-0.4291375984930872,-0.7181855163414796
-4.691200159662903,3.2927363397475906,-0.08684160863025192,-0.9564635697799908,-1.122535346274488,0.12724893890555533
-4.411651668352876,-2.3589180945862758,-0.32458688825862947,0.586515809666132,1.516594853781774,1.1637603605408744
-4.526086812775117,-7.341845465815446,0.9586124218015334,0.5661859928189716,0.782883253757196,2.398202619032214
-4.610892295827009,3.1416048714140876,-0.5280964730081819,0.4506773391215395,-0.4624826467406392,0.09101880542327007
-4.486595837885227,-3.798608377995533,0.1424466916314109,-0.01249027666641589,-0.5135263517851523,-2.881072182750044
38.67143676488454,-5.694492431059541,8.379642178578726,2.9168053838266665,-4.268415026861948,-0.14251842048947483
-4.6803616361321225,3.599389004063934,-0.14661764690303342,-0.5411386508888381,-0.3900635872953805,1.6882548838263176
-4.511270641603235,-2.0666809864379085,0.4643579464846792,-0.015188064572531967,1.9065022472437745,1.0077187674017285
-4.4487215656986425,-1.9644575406714921,0.12812758251176196,-0.28882042955155174,1.583019059276804,0.8472402909421713
-4.344350620632293,-2.58615311975747,0.17764107222143305,-0.45304935341605845,-0.1848541043932837,-1.375776991460253
-4.7483822802923115,3.766624676567506,-0.1461096086320931,0.17319126137868102,-0.6124896955571568,1.6786859694835394
-4.638406918405363,3.8341063790807466,-0.7077895126748777,0.09124294636502306,-0.06505553456909285,0.10270870173265365
-4.172103864760709,-2.5385646148265533,-0.5437830670263203,0.0007118084884070175,-1.2999075263785251,-0.9312941138717858
-4.4763319484553,-6.839265922121421,0.6695424452086518,0.7089288117301049,0.928414451934014,2.2407357546469866
-4.198496289849149,-3.2343410519304765,0.37545636740216354,-0.5292636553597797,0.24007393297847668,-3.6590356613658055
-4.458062286073241,3.544940105818481,-0.19435416301724204,-0.45831641336449036,-0.23289502955402996,-2.129165696868356
38.52472825101258,-0.23580187042490164,7.486204468124568,1.019512908516262,-4.370860410619986,0.9132086382091058
-4.696381134380501,4.106266792282643,0.05345075807515387,0.09225239290676446,0.7753039801211553,0.2216064092793703
-4.111510037465351,-2.1243327558095166,-0.23647657785013837,-0.29487087745264007,-0.06525251888723665,-0.8507727326893415
-4.143955548774219,-2.1094559682309884,0.39778646494148634,-0.5662520053516744,2.7912734833671227,-1.317899521595907
-4.541277603078524,4.396162037574055,-0.05132569836541617,-0.29634537369944747,0.36804259606627154,-0.052393555339644834
-4.390859101995533,4.578133914207179,-0.4005973993408919,0.6456839081653367,1.6170812673361459,-0.1405440105464789
-4.097817595044411,-1.8513657361106541,-0.6304735598178461,0.365883824597933,-0.24885929479716967,-0.7066120529808833
-4.172852405209548,-1.2362040364983762,-0.32563612478551673,-0.48355519524649115,-0.3162788933068647,2.966786110011445
-4.403627424528914,3.7759542920850646,-0.5717442924842024,0.03752551581062491,-0.0795068627741819,-1.9433927906590378
-4.487521975542862,4.093947054307271,-0.4666706144400369,0.195502436707659,0.9685337997104009,0.21910528026986217
-5.207591975703435,10.002780346171162,0.9530480260185834,0.9487401435299587,-0.18815388270901995,1.1441690492739973
40.15660515038083,3.078480138382399,-4.238912004470327,-3.169411708051893,1.1132842601064237,-1.3851287664563312
-3.9309778143502276,-1.7649215343202331,-0.4467883072873696,-0.02180723420887909,-0.3939764434171871,1.2951581859490975
-4.664787073919532,4.429704202158041,-0.4801800787133964,-0.4404566086046757,-0.170123190736438,1.6457630820890008
-3.836389147306286,-1.9311058871252968,-0.49094771057342357,-0.5517007368729724,-0.01116830210469344,1.0238267254873805
-4.3134649052804015,4.038832489252434,-0.6039055404609938,0.22682000089557075,1.1714422871313888,0.02584801587255461
-4.39671441201744,4.008021854565628,-0.36101830134009394,-0.8167580549807445,-0.5765442799058675,0.18789367764048542
-4.664282152540447,3.70447940933219,0.07970115984798987,-1.1012611025234578,-0.6146530145918916,1.8377659359333733
-4.701015344379577,3.7402374657487365,0.3688362753970502,-0.6113890124028315,1.200534326628279,1.5790135037998452
-4.720564265363792,3.535308594924138,-0.01797660249902433,-1.3260757782458568,-1.9067795206400462,0.09084421244192685
-4.590109365674047,3.4527983489274967,-0.39203843943638556,0.2376697583924805,0.041164523663983266,-0.015105501712113223
-5.466323332958576,9.51179597337699,1.204164142911842,0.29651345586390376,0.055810885162441703,0.8098879749968392
-4.361746174713888,-1.9171589686824202,0.13028498991989745,-0.4798824292288004,0.822095570305247,2.4929113775511462
40.00628263061356,-3.1616687591518797,-4.198290830270896,-1.4078990059221201,1.8848597949007857,-1.021827266374162
-4.608411903392154,3.814365162011071,-0.41261014918411076,-0.01467918788865874,-0.6246586925970062,1.5352361135366699
-4.136127431168751,-2.130255251642338,-0.44868621669353964,-0.253678747290518,0.5955803572127025,0.6746275250571803
-4.047143094820825,-2.131432483357676,-0.41342326819825237,-0.797873447662719,-0.6721814762542965,0.966279586760387
-3.727891880777744,-2.304658162270835,-0.7219443429190868,-1.2355993890462689,-0.9982493321348755,0.6267887388185214
-3.993027583133661,-8.676477577522412,1.1453515508528447,1.0775167449198162,1.0525186990808886,-0.9951857521944492
-3.9511931033255387,-3.2029045909671465,-0.5202410655049898,-0.04935123214291193,-0.7324623209607141,-1.3905103959695753
-5.514191732843518,9.71103663320712,1.114778732432565,0.3629626187657573,-1.6317120383136148,0.7849293994930697
-4.313944260710352,-2.059490368916368,0.2804588303551591,-0.7641231572870268,-0.38173250528648595,2.2716903047927675
-4.594362176205797,4.235457345399957,-0.05869973925477388,0.7744911207327296,1.038540093382835,-0.574665022619683
-4.377963969424304,-7.152419569533471,1.0827740535002903,0.9627686438276668,0.6316318474735048,1.9695793771733126
40.39607275953269,-1.9080455317676626,-3.4754586134331746,-3.44905451234289,0.8404652610064343,0.4538730547288312
-4.5451602562957945,4.268196131303737,-0.04369333207917081,0.10326563600759853,0.08119295738946535,-0.4937178750792925
-4.777233818894828,4.438724884514258,-0.23105299379954541,-0.1644805538836034,-0.6713554000230073,1.1582232269952835
-4.887683374860336,4.0981553930894705,-0.3676873166734217,0.08992288161971218,-0.05113743742151744,1.488761591488121
-4.401002936546317,-2.959951979309764,-0.03332203368171066,0.21842623819090812,1.4997158205242695,-1.3276038276258713
-4.515297288876251,-7.818650037298028,1.0097635021259643,0.14960561236414227,0.5449436700729291,0.3164877579762188
-4.503398097131338,3.856634828067896,-0.48895199369971165,-0.5677712412279414,-1.025132986068075,1.0977034470650548
-5.476668877665574,9.589265433132828,0.9055158509972183,0.42886748774650973,0.5312772082006868,0.16334014836591598
-3.902849658785019,-2.9459158692284757,-0.5877302514295744,-0.9099711431405422,-2.2292163418294044,-1.8976505802322514
-3.8792282443571335,-3.107015035669507,-0.731131882932887,-0.7353089768034444,-1.9318133177191974,-1.8003797973520175
-4.50738374404537,3.492674853251623,-0.45453171647333124,0.47633912503388354,0.9790829763159881,-0.3755093026720544
39.00498129224409,-6.092399593710592,9.530037834106077,1.7210970756442805,-3.9032042065946664,-1.6933124061635696
-4.6258404420970916,3.7963313407186883,-0.3551579327793878,0.45588578947004943,0.4537500289209686,0.06840218926247008
-4.768373629213684,3.9741763420374387,-0.17050775794822817,0.2067939147489013,1.0895085651659078,-0.005573078357988037
-4.432413349340127,-3.663472115728118,0.06693760564594496,1.3960548662390102,1.1964598273503992,-4.405198456796398
-5.580513664951304,9.430892588520289,1.2193076405083316,0.7815775131634211,-0.9651258442532302,1.3379983142085774
-4.487906959996884,3.709974509731989,-0.5761865442336608,0.018105496403624244,-1.6859537388240848,0.302241467384568
-4.471233434230833,-7.279714548361465,0.9880772871169079,1.0237354588897336,0.37052098079466755,2.154974996428394
-4.354190575840034,-4.034604343651606,-0.6020377740957721,2.129876613378185,-0.9994121004268605,-3.3085222231248355
-4.333137985446545,-2.755241040831539,-0.06997510663040013,0.207561957044615,0.40950510046935934,1.1797379179202128
-4.724952473750046,-2.752093336091286,-0.2265470010961448,-1.0445943652227432,-1.9501299218598747,1.3408495341207596
-4.60354443012964,-2.8304609742385667,0.22652130630474482,-0.4637083565750715,0.43064737899088334,1.1744410363413276
39.86306544179231,7.753628891158738,-2.4525776549162845,-1.1708837088007336,0.14157205147499674,2.407935857150611
-4.655918371678062,-8.328861057919633,1.9572331157677068,0.6746971430046731,-0.06480941213272318,0.7182374741888917
-4.735047737191623,-7.783617028157753,1.5638633100466797,0.1876867020373958,0.9013733703426128,2.102126157867296
-4.3427143474310075,-4.300156511077327,0.30123110421313093,0.02371046996583126,-0.43277551020951305,-3.0773720378995963
-4.726236644119101,3.237536511516042,-0.28402163032827377,0.42816359152792005,0.16642667277054668,0.18287347548827526
-4.228976241458911,-2.6153106307866,0.11155312216679539,-0.15259150691932488,0.1373278300827101,0.9719349645605774
-4.354774464237825,-2.5418167248638284,0.13227365450078404,-1.012245185414474,-0.789973864025151,1.1189976626254852
-4.6694467641180255,3.5365764515148133,-0.42092238941184024,-0.39307457140390034,-1.8966496829890422,0.29589337001360594
-4.724667182231754,3.6478211820362647,0.45095464371975585,-2.0264351103947966,-0.4185712964966443,0.006338588064623556
-4.335526891057674,-3.0937105759619374,-0.4359986792988739,0.4821995246573021,0.3318958016227661,-1.1535873634134117
-4.3653468296112585,-2.589523275197611,-0.28605210468918324,0.636923120904866,1.417885763368075,1.1740849432909422
-4.41865952763413,-2.597421329457575,0.03729800009298917,-0.6680074458199712,0.4669786007933436,1.1129860809972927
38.9823156513834,-1.0072155874473296,7.744720318379311,1.8587661642102074,-3.073040955301784,0.2711340589709556
-4.418728967250761,-2.7939954571756274,0.04374500860163821,-0.24076861849059172,1.6203499479360004,0.819661788213125
-5.360960960256636,8.375201304581719,0.7711899196761764,0.4575302426450545,0.5336084787220244,-0.2621812612694697
-4.727844660272922,3.114345422122049,-0.16839931479171233,-0.7297989689501456,1.0814272868502155,-0.17527530870573232
-4.774292858432189,2.989515218210081,-0.5815876691720417,-0.5661916922319247,0.005832308683183296,0.24601907069890877
-4.60284565885403,2.7994137225992586,-0.5130408278439005,0.4462607020965714,1.6360283433602392,-2.5778149280165046
-4.7469409792860535,3.5133221672366095,-0.24928815186925177,-0.8290229648115509,0.7266406926951476,1.936977245345958
-4.233538870552017,-2.89514895737741,-0.6542421500280723,0.34748975819369554,1.2466528806369954,1.0321539392431902
-5.347797014936174,8.693207819352669,0.6579044674276318,-0.0999372108706107,0.6104081176997797,-0.23083508995469232
39.84116820089916,-3.4897499973525816,-4.173204117265171,-2.5332742355368687,0.5391213973462881,-1.1376226296386174
-4.823657824126139,3.1461397907716773,-0.05944490568983177,-0.5093124861722225,1.5057457521441893,1.9502716159756648
-4.410008456180399,-2.7193458520487153,-0.11952814123131694,-0.7246450014681292,0.658775440768343,1.1130649907845545
40.241500866357974,-3.524669107062021,-3.8164828432270212,-2.629069347076058,1.8831067372154857,-1.2386683247235557
-4.594154614467977,2.873281196060306,-0.34612781696103573,-1.3837450477346889,-1.0489191794582164,0.6978199536080467
-4.340296064073242,-7.280269967424912,0.8347508853141279,0.167450482243634,-0.29838587458393273,2.5427282044566284
-5.197766417429738,8.8006837504623,0.6292255671577187,-0.33227134617242826,0.7894652980519714,1.3858082917034302
-4.134305513458333,-9.137258312855558,1.1357557061462995,0.7280452856275663,-0.534995492059449,-0.6517474940541222
-3.9807698606659,-3.3632974301284175,-0.8359761214724508,-0.2609497052222265,0.030768208595841173,-0.9364783620239808
-5.017153166813406,8.619682792589558,0.04755983201170855,-0.1408447594810478,-1.1701123264864193,-0.03707967254820137
-4.238123569703036,3.0342469691208627,-1.0521639627403228,-0.22948690995093668,1.1095890725357054,-0.11088551873410814
-3.9328306068963284,-2.708301789869828,-1.2266393810039362,0.049447080956210865,0.22663330212594845,0.984399708404301
-3.8631174206790058,-3.2625053657091296,-0.4186118165447604,-0.32882934375860773,1.716292536142355,-1.2912181524168795
-3.7726102172693547,-3.3305561373593977,-0.6747211031244207,-1.4881581756161453,-1.4414119555214464,-1.097787093042971
38.06281508949433,4.534639875103846,7.048444060976072,0.7749832175582725,-3.3878588679550994,1.1027810239284033
-4.248798501210446,3.5913674968814453,-1.1072952765083286,-0.06858357913134161,0.060631671848978025,1.6438497166375
-4.062849387395041,3.2996292171063932,-0.6720361695135968,-0.9705735501127601,-0.26901410553600025,0.07241279286215285
-3.9462690379485847,-7.736456453858775,0.7124814452415515,0.1047936920158874,1.2182117662889813,0.4256885476798177
-4.130178166915487,3.8109504699586063,-0.8067292142724318,-0.15852590394459387,0.6104206758722015,-0.003958828644345369
-3.7259588767100063,4.017147059781323,-0.9325994119589078,0.04207447303606959,0.5896359350952185,0.09906594012240691
-3.5898418535259857,-2.54942445575697,-0.5000835643427587,-0.1381756865793402,1.570100783695189,-1.1369970272728598
-3.6982594496158923,-2.1646001907684,-0.9155795495111272,-0.43879279878397903,-1.1052077063369865,-1.0063916663846997
-4.098813361769228,3.9589463782652756,-0.6254493660664282,-1.040825756456304,-1.7775709137106142,-1.9154956413059596
-4.073367591239421,3.680861697640475,-0.5239666645644666,-0.06195247926852443,1.1749959228618025,-2.3932341984796177
-4.088100143761544,4.546429888616416,-0.844251486281593,0.8255631844336881,1.711341591428003,0.1073906835837215
38.640653836361246,-5.655304523678314,8.48871666594393,2.177468035901425,-4.002255698530428,-1.9586850211240328
-4.091279998083552,4.2167627423691965,-0.6325234205534271,-0.6240796315691558,-0.8404718101744373,-0.1340129378976443
-4.402322142086023,4.54883086154132,-0.8482982376611613,-0.35397830219493054,-1.5420339606635511,1.81271489662659
-3.7792256908889947,-1.5994213428946096,-0.8765430842999902,-0.20182927420715058,0.46255014811032863,0.9298536839080003
-3.7033240521781186,-1.6178457485265199,-0.6867436710477612,-1.0749359753949697,-1.0746079913503088,0.7040577434401889
-4.33141744155315,4.676585129725304,-0.3807572364020867,-0.25325682690430495,0.9805755042551317,1.442028016559368
-3.9678828752935598,-1.6214434256232784,-0.760394244325649,0.06792673808877536,-1.0154394256389696,1.1367667747992134
-3.822703093846528,-2.063071035207366,-0.8912279942940219,0.30391143561446343,-0.7633322105425051,-1.0880901381202772
-4.393383993591817,4.187735638018112,-0.11195496831575408,-0.9082076408548437,-0.8493921640099928,1.6233765223022412
-3.7805531483348274,-2.2156700079895195,-1.1127242357465716,1.4249702744168098,0.35502563086067396,-0.9738058919784255
-3.832785131214367,-1.8364210226402446,-0.5906452715912693,-0.39633232854822,1.13644424004373,0.9866563587734318
30.310161575258768,-0.9415208469679643,-4.531158146996615,17.103943485026967,-6.0103641050334335,1.50814795535886
-3.8123325098950422,-7.222007020782227,0.32381863848234455,0.5634330381545485,-0.10944933558420065,0.565045675941612
-3.749003739901708,-7.439146610790276,0.34493581626902664,-0.24429562816339168,-1.4400800737015618,0.8100457656449058
-3.8768681102556615,-7.5492615262085,0.2562154492244517,1.092749093857808,1.8324903645710027,0.4735882466114899
-4.172296637772021,3.7720304530348283,-0.6237406834302829,-0.5241937513412375,0.024721320848321682,-2.2076540428819555
-4.131315536339713,3.8611274872824155,-1.0021627478790462,0.4801143980981859,0.1851446209103591,-2.32300112268961
-4.247554884609349,4.28158662370768,-0.5111770142852631,-0.352781935130154,0.7461151483368441,1.3878092665620043
-3.826401424085829,-1.6730980528101935,-0.6256392979063254,-0.645501672987353,0.5008063606862739,2.533472091517427
-4.13840429124183,3.870517560347659,-0.9058161406854633,-0.04519434241030762,-1.0142539149916479,0.031890975513776565
-4.9130850524571645,9.684474544313671,0.13049891966623606,0.9129739275766273,-1.387529859186357,1.0639334175477617
-3.8143907737859752,-8.439087268570841,0.8033732032933452,0.05103836445527232,-1.668645675411675,-0.746700842928925
-3.6212883031419683,-2.1192266296508153,-0.9111530599078672,-0.24288713820179408,-0.2008121945714989,0.908578224584164
39.845526980394595,3.2082934211666956,-4.218834793682199,-3.133370959330012,1.311559941684087,1.7083307214007841
-4.029132040678435,3.4762149182351356,-0.7185000203139444,-0.10999732235568649,-0.2008482890247325,-2.08042998088881
-4.076225202388106,3.90445670161097,-0.6913311192803812,0.2695630381548473,0.9897469102395222,0.20413696523004202
-4.121934256282395,-7.204462293317963,0.24652067620965645,0.04046147118972798,-0.8205991318541577,2.331120545295154
-3.9082714055813756,-2.0427105163221895,-0.5922784548217417,-0.69043128956759,-0.348389170248837,1.2815612674024641
-3.832206100733438,-2.792036781454661,-0.5964880164934195,-0.2639911330978675,-0.06462226610224686,-0.9283694387281107
-4.21949679298137,3.125961035317162,-0.20710441978857724,-1.0690882400450132,-0.19679509696985187,-1.8752396783037195
-3.781112874847583,-2.3685373410609203,-1.2641974837392767,1.250771864917946,0.297872022199254,1.2244100320198184
-3.9041620915788275,-2.988983064266949,-0.5057086969376107,-0.15098630636189814,1.340274974472426,-1.0793609104048962
-4.211770751660269,3.557541308195588,-0.8078896534609881,0.17160732897018405,1.2313719682570363,-0.07723078349017007
-3.777621040678584,-2.2149332372839523,-0.8326090693114778,-0.0034846966901691534,1.0592568117758958,0.9007054180321947
39.92516737489147,2.713400578856979,-4.251555122800701,-2.4026941987132933,2.305521394469986,-1.6388202493054993
-4.125877899809434,-7.474524225546448,0.37893664487846024,0.3323163795487063,0.8747190268005448,0.5185326790041539
-4.033867104528251,-2.038542520349409,-0.44982958477635815,-0.20555943985591107,0.14934261170172014,1.0089137655114335
-4.04208466922394,-1.9339716879836817,-0.36611847868736763,-0.5623692856631277,-0.22484707503039525,0.8361736234946788
-4.113850893685875,-6.474453051311574,0.26780211533163856,0.7317552108032626,1.1214889572076732,1.9725974340199897
-4.438647646504037,3.6359542230942528,-0.4726415144020295,0.43329814257573296,0.3581684309084989,0.20352946032316882
-3.9054234517295416,-2.3405112211789785,-0.5843885622574609,-0.312035653001411,0.756048787064915,-1.3415886525807867
-4.447053690908394,3.9808366611060344,-0.7922522697868329,0.44552560395451324,1.2133987130497152,-0.15748218533744648
-5.185988148859746,9.595335133314768,0.593873691915144,0.998788748086106,-0.2819778229529123,0.7940475891745262
-4.079589336261205,-6.647332659309428,0.37128375116680057,0.18614018978449698,0.036313790587010564,1.9631683226700347
-3.9575086257674945,-2.3162813232954895,-0.5424249191000075,-0.7535277107620123,-1.096196045478261,-1.0704091842364243
38.54577091323193,0.22431992411378365,7.710073554846074,1.8105676511865756,-2.4271415868286486,2.0333194236483703
-4.424159240491322,3.9633316707246835,-0.9570718826196956,0.43061262212764784,-1.4556744936664248,0.13846405363155861
-4.410694626014822,4.207707277220881,-0.5462276896809897,0.49015893843080494,-0.15978462552716127,0.14539081114517818
-4.249345922185849,-1.268459405037445,-0.11729185029244904,0.5136299050213524,2.2995633874832655,2.587084727068838
-4.004070876321057,-2.1151987873112126,-0.39784599734889076,-0.22569540106458463,-0.41008659985476525,-1.3397333907827933
-4.045717975801904,-2.1131196862579067,-0.17444514227617208,-0.3249604274144062,0.509078369127725,-1.2340255656181458
-3.8801912006619506,-1.695722870091935,-0.6438635397808029,0.070160786290278,0.21876093099395466,0.8226751531292837
-4.027772251717821,-2.3681972054660214,-0.41061835064445595,0.2755346715489886,0.799663571987494,-1.0189209999143998
-4.318688007858119,3.6715192940756123,-0.2696058874997857,-0.3357779536220675,-0.12259182070077457,-0.11921414404399977
-4.009332943470562,-1.803735950974177,-0.22588743253419166,-0.7025087490382433,-1.0667604796110208,2.5674246724271077
-4.084017233194222,-2.011203935036034,-0.35799647431878584,-0.3162988056627447,0.040930077011439525,0.6943859404650655
39.909990771740425,2.3943147683476997,-3.833971437753411,-2.8213573344050484,1.84901824843564,-1.883403477789926
-4.433450099442604,3.798057753869686,-0.14659604110877159,0.26996326956928773,-0.34486332327052643,-0.13529095199495741
-4.148745150471456,-8.501221725533775,1.5503224458440183,0.9157655583300182,0.010083806848109833,-1.3631856102035953
-4.396272817731819,3.488979049210316,-0.15402735688587613,-0.0565063215509265,0.01716651431866402,-0.27790831784382314
-4.117135981724599,-2.8271434167452014,0.0557150280087422,0.18192764108523196,1.3726470683298646,-1.336379899079867
-5.478369354136293,9.336222534866037,1.5527085422576006,-0.4496802226885467,-0.710827780972401,-0.48389853300893404
-4.668058792985779,4.119962216688249,0.009685687415663169,-0.36250146567106456,-0.7661592046593314,1.8531814844788193
-4.423008397473522,-1.8431119552027302,-0.03316985742563805,0.07962282626576522,0.8661292027026792,2.560058800224077
-4.167922282479428,-2.793915411883236,0.6162572813961249,-0.7235521912229983,1.0878103878258085,-1.8258412013966367
-4.464799097713746,-2.3087956808117744,0.7833190075032336,-1.690671027486264,-0.11847945036451968,0.7582805928797203
-4.561372920342471,3.968411595128004,-0.22319401657588434,-0.03150637510083243,-1.3110696420004369,-0.19080808582018755
-5.451936646557358,9.508635373661468,1.5380758597004123,0.6062801707889716,0.19448911730271823,-0.6714775770425826
38.66418034219211,3.159224353147593,-3.8441746623271933,-2.7780096905847156,1.802718389379672,0.13116595953943466
-4.198159450825226,-2.7364394924456397,0.14412086547681147,0.2926675272643078,1.0770344190578882,-1.6349675511671675
-4.3930283624639275,-2.2500217479502354,0.15388819031425738,-0.21890541993352763,1.1824651274265086,0.8037761196963016
-4.441317906161452,-7.735251277882783,1.2591446233515138,0.05236300765970947,-0.6114294119150696,0.6472420405848328
-4.404580977848328,-2.1861148336360547,-0.19210857676742976,-0.4998916571823253,-0.35904395231012765,0.7146846231194697
-4.2765622981800515,-2.3417562530460136,-0.2587695697974369,-0.44311071805315194,-0.4522423433044818,0.6992874156437994
-4.564943264552117,-7.68097922867145,1.414710289122974,-0.39560668807198685,-0.09364905677093205,0.3866064452036686
-4.472691853358617,-2.3012905510060007,-0.06416150432396839,-0.2972678174725092,0.17927511336136193,0.9247477457947251
-5.6579507825033515,9.769749068966782,1.1643474614648863,1.3764705472766223,0.8299453433359184,0.844904640681877
-4.782048191437013,3.7223090690900795,0.06632417883195052,-0.9662505251657841,-0.31692272543932,-0.2825401682151004
-4.830854505190338,3.270456024562995,-0.3387274724796493,-0.3007785483386307,-1.9525051338546708,-2.539187422673729
39.81887738575539,8.12869167694174,-1.8807344419921987,-2.173385374034897,0.2335385487729047,0.5698663827363041
-4.42608442573432,-2.363711717858816,0.09456756923950188,-0.3342977468837376,0.4131047043924776,0.5668659692738118
-4.500371023600434,-3.6863662462701146,0.03732270766779405,0.7339833452202935,-0.7689398569987452,-3.428254072181791
-4.875416278661239,3.687907624932801,0.13946299757722536,-0.6493623333817083,0.22005536604627807,-0.28316826382894394
-4.339937166484586,-2.8012474608967253,-0.421019219887663,1.4341573020048743,0.7037051328873463,-1.330854368826051
-4.811728004668623,-7.46682062242161,1.5524122371222961,1.2164208359507298,3.6883310454643823,2.075220638302536
-4.429630957865587,-2.905139847509509,0.04946643032752107,-0.47487167967368515,-0.08286852023002461,-1.3979144505410215
38.44844560466245,8.23432240876311,-2.290436764162092,-2.154833711516881,1.6398663597978258,1.6712556557111349
-4.665770125086211,3.8873496592822017,-0.10866057714709307,0.18076526652969926,0.9082672351076841,-0.5312291109689634
-4.306455389317778,-7.69824182430556,1.14414747003145,0.9310701488754913,1.4364710141277357,0.16147538995534125
-4.414011614359444,-7.201923951088628,0.6512005507184998,0.09600691177452925,-0.832711317010648,1.966684498048496
-4.180182816684897,-2.3373083415742695,-0.669956673473685,0.49898511257854494,0.15753198167042914,0.46709871911470746
37.21292938264184,-5.2540896173227996,8.473370076382304,1.1154175361886285,-4.221338032665586,0.6981686757304
-4.242299903069256,-2.203520598535197,-0.5163007068353892,0.1207766153166625,0.9520553981293585,0.4331736030663421
-4.641757951547311,3.73545119986394,-0.28107460832302766,-0.5976599586369573,0.16038653053818283,-0.40904637880075967
-4.418819359236011,3.1118254892225194,-0.4526506197302306,-0.37376983415997445,-0.6639239440033579,-2.913956044943391
-4.40832779184166,3.569169683752532,-0.5905495640956271,0.26247341403277935,-0.1733112810365789,-0.3983997332791438
-4.305975614945229,-2.2210190957261227,-0.28297536067627904,-0.4601669859108797,0.5655278316365716,0.511869615215528
-4.399503020783742,3.5105372052334674,-1.0312538959422763,0.7822522759412052,0.07177326768389938,-0.5298465541730468
-4.078807438429788,-3.761269127090192,-0.15665879174849498,0.24493152552680897,-0.4536596215075434,-3.269166952028357
-4.377183812705212,3.003597474806463,-0.628203012603247,0.3254593652752753,0.6202178381841708,-2.6004568740694207
-5.275948006879881,9.230581710094171,0.5559844311443598,0.6344057496517745,-0.6683418188311891,0.6660192123695514
-3.9906881284487055,-3.8290250367400764,-0.856994494418668,0.9202258597611146,-1.3200645565648785,-3.522562264004879
37.36125653224006,-1.1221452570340067,6.9890726509396925,1.8211462370375262,-1.2675453039687805,-0.08472448303066443
-4.142936930088174,-3.938211236388788,0.38721168630326724,-0.5556897715693588,-0.20525056302811162,-3.9953585193565706
-5.233210121798573,9.278527881946292,0.7268003838549795,1.135348365160021,0.7232561100204835,0.6358434745642447
-3.994264429180422,-2.4391230507704478,-0.7182297808665856,-0.16145957800085675,0.6224567178563764,0.47036700384327923
-4.023151757100587,-7.758614954584106,0.8038939047395585,-0.06494235599023801,-0.09069482455345207,0.1635229572358874
-4.334046583128328,3.479859621897023,-0.8204454177565497,0.3693769147902881,0.3005625770844701,-0.10253197353219907
-3.7971527934168776,-2.508096749722562,-1.1348465547190074,0.15846825512331786,-1.7482481387631577,0.8296012579785277
-4.088266381094748,-2.332716614751626,-0.6261396804538816,-0.1447908286978088,0.041386156682236774,0.7832814886901879
-4.54334015189995,3.3747608436354977,-0.5887932154254893,0.17540642496632097,-0.3708275205119451,1.7922925704779307
-4.123352833556405,-2.4113838771862057,-1.1933792657573319,1.7827908282171496,0.5080704419258463,1.1053664230982485
-3.8967599727054,-2.4573151128670583,-0.972914659549593,2.2444500375557874,1.7742557049040797,0.8626393976703532
-4.019370671896189,-8.66901188760004,0.46789842254089253,0.6484038975163549,-2.4631757411633446,-0.9340506446570032
39.02064423504964,-0.8134051619668026,7.245242447455048,1.2334081066167233,-3.1130378781123804,0.07545991063405369
-3.8620832990344507,-3.189538727624243,-1.0344001683840607,0.027880596019063564,-0.5822645006512193,-1.2028634656560961
-3.9075119570823205,-7.779246440871233,0.5284768293463977,0.047380394566635564,-0.23352763627276357,0.41437260628292566
-4.121411273245555,3.2168534810652063,-1.3476542719449867,0.36165198687816913,-0.708811227992124,-0.040050904079794815
-3.777543506214114,-3.8447634114997546,-0.4150010329153084,-0.2676299637314212,-1.4486139364507982,-3.1652595743773104
-4.28136030277239,3.631534744757161,-1.2253269936092746,0.25289347969050824,-0.2261921870585486,1.8507406774604171
-3.9409278372879655,-1.9107035299672035,-0.4783147883972493,-0.12820519738123126,2.3046879915736422,2.4698952919164663
-4.9053197154202355,8.586604933680693,-0.005741280518424041,1.380797871814216,-0.7729718421656695,-0.6643075216911405
-3.7456896620500983,-3.0288115996399223,-1.1463941862338343,0.5888922449714382,-0.020693472907789334,-1.445795829328811
-3.793270244212936,-2.188597645686367,-0.9811489279458551,0.1661730347114483,0.39647324833580666,0.5979325634397303
-3.9516610568653014,-7.8461015524062665,0.2619096660776367,1.1708645021298956,0.41866722994911176,0.5439955028829593
40.60348188827143,-3.825894524907481,-4.139143358488566,-2.5253584705587553,0.8912615006238402,-3.1411777443073725
-3.8720861627333245,-2.763125389485056,-0.9520119021480917,0.8254188944744576,-0.2520568173887079,-1.124507841336528
-3.8300469277288793,-2.835126288230761,-0.555024346979959,-0.06826277882744614,0.401668874857217,-1.5785405724053123
-3.9521205013441696,-2.1844716513126805,-0.7087169366143384,-0.15905302482289896,-0.13110777329535983,0.6453067186840822
-3.8998066091421,-3.6659253130389247,-0.3109824090677994,0.20090549204139485,-0.45952103099359765,-3.454213136525959
-3.8382299291828,-3.0975722922958857,-0.5179037625404965,0.05301960521684124,0.6860132601892726,-1.5888553585116512
-4.890319290022994,8.517634843083197,0.42951731274498084,1.3459228695030427,0.9043893581305413,-0.9079317500049461
-4.015244659639977,-3.105376689447424,-0.7291243685069302,0.8228251873631707,0.35773991375685693,-1.1058297335710638
-3.9859733334746785,-3.711931626699331,-0.10172831763605464,0.07523368609354475,0.13572347446656824,-3.22445404823563
-4.172948645986816,3.204608314096152,-1.0144647646099718,-0.05699457452323853,-0.3816507482599822,-0.45120967597136985
-3.9420580350124883,-2.5647124368306566,-0.9469527846407966,0.23260980370337236,0.2502842288865955,0.703791355881165
38.6285423218429,-0.9966442955216839,7.476443111322738,0.4868329679925285,-3.1923410429377617,-0.0356347590419685
-5.310644185788977,8.853562397701959,0.47447117477056633,-0.06001833373642951,-1.264263205442481,0.6508058887518468
-3.9184963120397764,-2.5274981468700055,-0.455540995925496,-0.7245224808963159,0.6916036276292089,0.5723058624528593
-4.135601297872824,-2.332383173525134,-0.5219913447074443,-0.5301429830813227,0.8263388731246095,2.2381357264840545
-3.950606178422178,-3.2130284978779935,-0.8427629460687152,0.9400483759415053,0.5231808327865266,-1.35020281974369
-4.325298575379118,3.0999787634191054,-1.0840427140343674,0.1351958361785821,-0.25929585936398414,-0.4370426141962118
-5.011207560532885,8.666418733735444,0.41141052743185474,1.1031745943867144,0.551809874746009,-0.8488187613674119
-4.325190674740331,-8.86283867666257,1.0402701877884644,0.6764519827414246,-0.9053855473905923,-0.8331087291587812
-4.3792945569931945,3.220646123876096,-0.4062489157910246,-1.0413953999144252,-0.8058550210080071,-0.4042726257841025
-4.447924395472562,3.3368532369671406,-0.21844083304705292,-0.365689546860529,0.8072297204045876,1.158657805886769
-4.169281569759407,-2.6257505542909287,-0.8098565669240246,0.42374018314647066,-0.21382781230391382,0.8282222064852381
38.747568164695,-0.943152379232497,7.094109826351402,1.0779522847252405,-5.519476118458323,0.0682280919810172
-4.174189475843383,-2.626734621688646,-0.08052343799942058,-1.103567495008051,-0.6676512618566967,0.6750298149604027
-4.697417148296093,3.2328587424085633,-0.10086263329576525,-0.7701724883329915,0.25465834966786227,-0.4176064507735101
-4.443464936668622,-7.513450325381765,0.7971660388361043,0.21706616807825796,0.3025857026227622,2.0294198766633134
-4.314906966946928,-3.6636341508320793,0.3934748292548285,-0.9674283489758985,-0.8561217217009511,-3.136077663297132
-5.323216536479073,8.518983379741954,0.8206437761943473,1.0995407229735252,1.2748572060307601,-0.8854485108427947
-4.428479811886007,-7.903480767627768,1.2992766346996614,0.2876157012841609,1.394397907976474,0.3433545444901292
-4.327077983140077,-3.064239514148969,0.12081416286205338,0.3164733695387485,1.14895005436616,-1.2493272345937532
-5.520825270690979,8.48413126156883,1.1779152398973163,0.415696188758534,0.6460246071930417,0.559064640705518
-4.78437835323629,3.022201511418576,0.15968041562160099,-0.005799644273964066,0.8420840688972153,-0.36591900368830177
-4.6478602349947,2.8374070118902317,-0.3028335209218047,0.5651783935245469,0.8983459702113287,-0.41061578827692713
40.32529062998691,-3.606651533801034,-3.5377028150793235,-3.471717584243679,1.041961069248643,-1.177402345257603
-4.752960881529081,3.210693950500992,-0.14802582446648882,-0.2756586894733928,-1.058653996953868,-0.3064843211019185
-4.6065335879598495,3.026143005449405,-0.2714546169826343,-1.1698774011813922,-1.0850672541928452,-0.4654524592379071
-4.344964977736542,2.565269984862804,-1.0550918084636727,0.8843582686621698,-1.0484165084194694,-2.181540874212219
-4.5994616263586074,3.090935072864231,-0.20125540631875916,-1.3385710582565655,-0.07586262290155377,-0.4008019330097499
-4.31204713864429,-3.2543925860208356,-0.23925263858666962,-0.4490214305968301,-0.07650331644817765,-1.0160046903958244
-4.570856322590546,-8.59441046581832,1.6903276723466498,0.5519835210560091,0.9063451764950357,-0.9296033444545427
-5.340022707151993,8.802392792739086,0.7049905211445765,0.9468075539351806,0.5115152743923925,0.4171374362488773
-4.2081263268981175,-3.726837353013307,-0.044788530822739536,-0.1132621598555783,-0.009654409858942337,-2.8028752101544105
-4.7536557794760625,3.487306003828854,-0.5832688983629553,-0.12199286515796715,-0.1283997541647025,1.2648630112940418
-4.6137519168403065,3.1711940229431104,-0.4424085057786018,-0.02694671756904654,1.20295943105406,-0.5101694166483999
-4.431662716076415,2.933981988989755,-0.5563441550175433,-0.027042381777018676,0.5370810392972436,-0.5807460654543517
37.767436984675015,-0.6987017314262101,6.95731783135645,1.5210855231985132,-4.739930427491035,1.5565126881685045
-4.1296212152844225,-3.1367626339168577,-0.6480636270567746,0.5525150868934785,0.1547621331215201,-0.9147037412696877
-4.558183307965127,3.043660348768424,-0.47514414034231034,-0.2700062857110055,0.7121379002643653,-0.42220470320806375
-4.543899116399871,3.1465971639163444,-0.5066101550866231,0.44800422038829923,1.3481094121209884,-0.4358785271647379
-4.410605625093691,-7.595639570129408,0.47068955974579785,-0.0991971570595287,-1.2482955842782495,2.243441288162882
-4.403774022119531,-2.6773515914053805,-0.4108974167383808,-1.0106723699435696,-0.23481500403213018,0.651909790022896
-4.5462313902613385,3.0424436676294837,-0.32754061352187924,-0.04291823989109633,1.730169394907099,-0.5958797919267629
-4.583023573127548,3.2069014020640516,-0.6847886220184223,-0.10468920041164953,-0.4275948596747289,-0.30292338517133477
-4.159268862656788,-2.6230422832512663,-0.6312675984335536,-0.32989591730646617,-0.020882539195292815,0.6538349478256184
-4.357066374665653,-3.0402591904991065,-0.16820429664258058,-0.8669577322945776,0.5997803698021498,-1.4429632681020053
-4.6126677683940605,3.368934675712428,-0.6842655642429537,0.2791627632701379,-0.35563431937831436,1.309184185295514
40.5129742090929,-4.076373385051052,-3.51864725007749,-1.9125456482656666,1.3897835683050213,-2.4599548023302957
-4.364962040793767,-7.3518313340786765,0.8294176977850648,0.391926762142625,1.0908046328329457,1.8622655898513276
-4.284018152526681,-2.5542436769873693,-0.4239661268484012,0.1124018840344827,0.14235755183588772,0.8003671447644943
-4.287572199328976,-3.694084550947247,0.07129048948646804,0.11686358118339979,-0.8370662317153807,-2.9299681375591113
-5.439339354865348,8.740658854826682,0.9284885941878628,-0.7309383515991701,-1.1969233459564077,0.501392840547428
-4.262201102677924,-3.147234111573967,0.2903936062881318,-1.1127415954487205,0.030424322745844057,-1.3208597129535644
-4.5675217103467585,2.922171031364345,-0.22482256135275624,-0.6394629599013579,-0.23049288481085417,-0.3052977505865208
-4.705235517132135,2.7395256900062495,-0.3382307542606122,0.832977104458571,1.902584629217432,-2.449319961016981
-4.698985349428223,2.7778174409270475,-0.09877947564882963,0.31567091781420387,1.20227465338627,-2.1448546074418333
-4.645987903995418,3.2806627608525343,-0.3963587164868273,-0.4517509318674524,-0.7668179566171663,-0.1666858807060461
-4.869171508633747,3.5792014297097885,-0.599778392423381,-0.6950406400428562,-1.646145806477276,1.8011783307338791
38.70192458493738,7.75223609302269,-2.923591077930193,-1.890444731924699,0.1345394535405946,1.273365827281469
-4.529453566733879,3.2790336611271993,-0.2931006309875109,0.08469897481147948,-0.31295012199523653,-0.005886556110226572
-4.527571309449115,3.138426821893791,-0.3730279180854893,-0.07308581371448786,0.0850803812153764,-2.107666545798334
-4.369304714518041,-2.244334345070981,-0.7277410305739342,-0.5039763481326136,-1.3723514810008826,1.18552113514788
-4.536122261194772,3.127070018032012,-0.43265337946799,1.3530915086303394,2.848200995085594,-2.2971306351765133
38.53566852335425,-5.417430814100404,8.854490698169027,1.677140922889624,-4.556152900680341,-0.47525385909252715
-4.37655636848435,-8.294622432065369,1.3508858657123008,0.13383366084834813,0.336852032532883,-0.9763313035696981
-5.471518649476015,9.05623906637678,0.22608536425189574,1.1370415797397004,-0.9507062355979274,-0.0988792111793224
-4.1901845179769985,-2.61212119864299,-0.48216154022032653,-0.41327596461663396,0.6534444521585197,-1.0975373332871745
-4.665077281289238,3.9552775603030987,-0.056308409012380295,-1.1126546153722974,1.697859229345066,1.4332422340480764
-4.462605580302908,4.100506054868251,-0.6446019669956551,0.20200991770308407,1.3684282350670331,1.6642246188732577
-4.133387199983264,-6.909128371976758,0.28866057690970404,0.05032622609709381,0.36355314893145474,2.3276981426788987
38.35874135681933,-0.6904612947244857,7.297786627898679,1.919541826833111,-1.3586934751951047,-1.4857783311520576
-4.043814882221681,-2.254476774692497,-0.15480992908452063,-0.6053253848912891,0.09889116743852883,-0.8756307671836305
-4.113963512750649,-7.435953121101907,0.5601388223652468,-0.09001424489638765,0.5340835360748301,0.762883835390473
